netname,routing_length,bend_count,m1_length,m2_length,m3_length,m4_length
G1_0001,696.4306,2,88.0000,67.8823,513.2346,27.3137
G1_0002,750.0874,4,96.8528,181.7056,451.5290,20.0000
G1_0003,711.6955,3,40.2843,151.8823,499.5290,20.0000
G1_0004,724.8814,4,77.5391,120.8528,499.1758,27.3137
G1_0005,763.7443,3,129.5391,122.9117,491.2935,20.0000
G1_0006,741.9209,3,144.5685,193.7056,383.6468,20.0000
G1_0007,756.9504,4,85.2548,149.8234,489.5879,32.2843
G1_0008,746.8427,4,128.5685,255.7645,336.8528,25.6569
G1_0009,752.6661,6,193.2548,219.7645,311.6468,28.0000
G1_0010,697.0681,4,270.5097,28.9706,364.6173,32.9706
G1_0011,699.8133,3,137.1371,33.9411,490.7939,37.9411
G1_0012,728.4306,2,185.1371,48.0000,467.2935,28.0000
G1_0013,726.3229,4,166.9117,103.8823,427.5290,28.0000
G1_0014,760.4306,4,77.2548,159.7645,485.4701,37.9411
G2_0001,634.8427,4,87.1960,105.9411,416.7351,24.9706
G2_0002,635.4113,3,189.2548,24.0000,396.4996,25.6569
G2_0003,637.9209,4,86.2254,112.9706,411.4113,27.3137
G2_0004,616.9016,4,131.8823,125.8234,331.8823,27.3137
G2_0005,603.6468,5,31.3137,151.8823,394.7939,25.6569
G2_0006,577.2346,3,138.1076,16.9706,396.4996,25.6569
G2_0007,612.3818,4,89.9411,33.9411,434.5584,53.9411
G2_0008,643.4113,3,207.1960,24.0000,386.5584,25.6569
G2_0009,627.1758,4,91.1960,113.8234,396.4996,25.6569
G2_0010,567.2935,5,104.8528,69.9411,338.5584,53.9411
G2_0011,635.9798,6,66.9117,156.8528,386.5584,25.6569
G2_0012,629.1169,4,92.2843,210.6762,300.4996,25.6569
G2_0013,561.4701,5,63.5980,98.9117,308.7351,90.2254
G2_0014,636.7838,4,200.5685,24.0000,386.5584,25.6569
G2_0015,565.1859,7,51.3137,115.8823,377.0193,20.9706
G2_0016,568.2641,3,99.8823,33.9411,413.4701,20.9706
G2_0017,606.4895,3,146.1076,84.8528,350.5584,24.9706
G2_0018,612.7838,2,62.2254,118.7939,411.7645,20.0000
G2_0019,630.7939,3,96.8528,228.0000,280.9706,24.9706
G2_0020,574.1564,4,125.9411,100.9706,321.5879,25.6569
G2_0021,584.0975,2,81.5391,118.7939,363.7645,20.0000
G2_0022,610.8427,2,108.2843,118.7939,363.7645,20.0000
G2_0023,564.8528,3,54.9117,60.0000,424.9706,24.9706
G2_0024,605.1169,2,126.7939,50.9117,399.4113,28.0000
G2_0025,637.3524,3,96.9706,200.7351,311.6468,28.0000
G2_0026,638.7250,3,115.3137,231.7645,263.6468,28.0000
G2_0027,598.3229,3,67.3137,72.0000,433.3524,25.6569
G2_0028,629.0193,4,118.2254,88.9706,396.8528,24.9706
G2_0029,627.4113,3,174.9117,28.9706,403.5290,20.0000
G2_0030,584.7351,4,155.5980,117.9411,283.8823,27.3137
G2_0031,640.9016,4,75.3137,207.7645,336.8528,20.9706
G2_0032,611.1758,4,96.8528,154.7939,338.5584,20.9706
G2_0033,596.1463,4,142.1076,62.9117,365.4701,25.6569
G2_0034,643.9798,3,91.5980,212.7351,311.6468,28.0000
G2_0035,620.5483,4,84.5685,96.8528,413.4701,25.6569
G2_0036,614.8915,3,91.5980,127.8823,375.4113,20.0000
G2_0037,638.9605,3,60.2843,166.7939,391.8823,20.0000
G2_0038,615.5290,4,151.7645,57.9411,384.8528,20.9706
G2_0039,567.2935,4,31.3137,96.8528,413.4701,25.6569
G2_0040,603.8133,3,74.2254,141.9411,359.6468,28.0000
G2_0041,598.7250,3,117.2548,135.7645,320.7351,24.9706
G2_0042,608.9016,3,168.0488,28.9706,391.8823,20.0000
G2_0043,640.6661,6,98.5097,149.8234,366.6762,25.6569
G2_0044,582.8915,4,30.6274,149.8234,382.4407,20.0000
G2_0045,640.6661,3,181.7056,12.0000,419.6468,27.3137
G2_0046,566.1564,6,68.5685,199.8823,272.7351,24.9706
G2_0047,598.1564,6,172.7351,134.9117,264.8528,25.6569
G2_0048,657.0681,5,126.5097,76.9706,427.9310,25.6569
G2_0049,639.5290,7,40.9706,184.9706,388.6173,24.9706
G2_0050,643.4113,4,120.2843,130.7939,366.6762,25.6569
G2_0051,573.1859,3,74.6274,158.9117,311.6468,28.0000
G2_0052,622.7250,4,264.0488,28.9706,308.7351,20.9706
G2_0053,623.6955,3,177.2548,12.0000,413.4701,20.9706
G2_0054,643.9798,3,89.5391,118.7939,407.6468,28.0000
G2_0055,582.9605,4,99.3137,57.9411,404.7351,20.9706
G2_0056,562.2742,3,117.6569,40.9706,383.6468,20.0000
G2_0057,642.8427,4,106.9117,122.9117,385.7056,27.3137
G2_0058,611.8133,4,49.2548,216.8528,320.7351,24.9706
G2_0059,643.9798,4,56.5685,173.8234,388.6173,24.9706
G2_0060,562.2742,3,111.1960,24.0000,399.7645,27.3137
G2_0061,639.8620,3,74.9117,152.7351,386.5584,25.6569
G2_0062,579.5778,4,67.5980,79.8823,406.4407,25.6569
G2_0063,638.7250,4,41.9411,149.8234,419.6468,27.3137
G2_0064,575.8620,4,70.9117,120.8528,358.4407,25.6569
G2_0065,628.7149,4,79.5980,142.7939,385.3524,20.9706
G2_0066,561.3036,3,96.9706,16.9706,421.7056,25.6569
G2_0067,621.1169,3,93.9411,79.8823,419.2935,28.0000
G2_0068,568.6661,3,72.2843,100.9706,375.4113,20.0000
G2_0069,595.0782,4,158.9117,124.9706,283.8823,27.3137
G2_0070,623.6955,3,148.5685,12.0000,437.4701,25.6569
G2_0071,605.3524,4,92.5685,181.7056,303.7645,27.3137
G2_0072,630.3919,2,114.5097,91.8823,396.0000,28.0000
G2_0073,637.3524,4,36.9706,164.7351,414.6762,20.9706
G2_0074,661.5189,6,202.2254,12.0000,426.3229,20.9706
G2_0075,626.6762,3,209.8234,76.9706,319.8823,20.0000
G2_0076,634.6072,3,51.3137,207.7645,355.5290,20.0000
G2_0077,640.0975,3,67.3137,120.0000,425.4701,27.3137
G2_0078,561.0681,4,104.9706,64.9706,365.4701,25.6569
G1_0015,707.5778,4,91.1960,96.8528,482.5584,36.9706
G1_0016,761.8032,3,199.5980,50.9117,486.3229,24.9706
G1_0017,698.6072,6,62.9117,134.9117,473.4701,27.3137
G1_0018,752.9016,3,147.8823,67.8823,509.8234,27.3137
G1_0019,731.9108,3,79.1960,101.8234,525.2346,25.6569
G1_0020,760.2641,6,42.6274,339.7645,345.5879,32.2843
G1_0021,757.6854,4,72.5685,193.7056,437.4701,53.9411
G1_0022,760.5971,4,73.9411,183.7645,477.2346,25.6569
G1_0023,754.4407,7,39.3137,319.8823,369.5879,25.6569
G1_0024,734.2540,4,123.1960,147.7645,409.3524,53.9411
G1_0025,755.7443,5,84.0000,134.9117,511.1758,25.6569
G1_0026,763.2447,6,125.9411,261.9411,349.7056,25.6569
G1_0027,700.1463,4,60.9706,148.9706,436.2641,53.9411
G1_0028,749.4499,3,32.9706,186.6762,504.1463,25.6569
G1_0029,736.0975,4,44.9706,315.7645,349.7056,25.6569
G1_0030,722.5382,6,77.5391,147.7645,443.2935,53.9411
G1_0031,716.3128,4,119.4802,86.9117,484.2641,25.6569
G1_0032,754.6072,3,109.8234,288.0000,329.4701,27.3137
G1_0033,705.8032,4,58.9117,252.8528,368.3818,25.6569
G1_0034,698.3717,4,113.5391,74.9117,484.2641,25.6569
G1_0035,750.0874,5,52.9706,233.8234,438.3229,24.9706
G1_0036,752.2641,4,57.9411,153.9411,502.4407,37.9411
G1_0037,747.4113,5,186.9117,40.9706,499.5290,20.0000
G1_0038,729.8721,3,112.0000,115.8823,469.7056,32.2843
G1_0039,748.3128,3,72.0000,149.8234,499.1758,27.3137
G1_0040,710.7250,3,136.1665,190.7939,363.7645,20.0000
G1_0041,769.6367,7,156.7351,144.8528,440.7351,27.3137
G1_0042,698.0387,3,115.3137,135.7645,390.6762,56.2843
G1_0043,720.0286,5,109.8234,163.8823,426.3229,20.0000
G1_0044,745.4701,4,28.2843,218.9117,472.6173,25.6569
G1_0045,751.2245,5,65.2548,239.6468,426.3229,20.0000
G1_0046,746.3717,6,91.5980,236.7351,392.3818,25.6569
G1_0047,695.9310,4,99.3137,153.9411,421.7056,20.9706
G1_0048,724.3128,4,103.1960,115.8823,484.2641,20.9706
G1_0049,736.4996,4,86.9117,148.9706,462.6762,37.9411
G1_0050,721.8032,4,157.8234,24.0000,447.4113,92.5685
G1_0051,706.3717,6,51.5980,168.8528,460.2641,25.6569
G1_0052,750.8915,3,65.6569,181.7056,475.5290,28.0000
G1_0053,724.7149,5,67.5980,141.9411,477.2346,37.9411
G1_0054,705.0681,3,169.4214,36.0000,479.6468,20.0000
G1_0055,704.0975,4,151.4802,52.9706,479.6468,20.0000
G1_0056,760.6661,4,60.2843,364.6173,310.7939,24.9706
G1_0057,749.7544,3,296.0488,69.9411,363.7645,20.0000
G1_0058,701.4214,4,58.6274,268.9706,348.8528,24.9706
G1_0059,705.2346,6,64.5685,241.7056,330.6762,68.2843
G1_0060,705.8032,4,121.8234,93.9411,464.3818,25.6569
G1_0061,745.6367,5,116.5685,253.7056,349.7056,25.6569
G1_0062,702.3229,4,117.8234,48.0000,516.4996,20.0000
G1_0063,698.0387,5,137.2548,93.9411,439.5290,27.3137
G1_0064,748.1463,5,58.9117,132.8528,536.3818,20.0000
G1_0065,715.0092,4,30.6274,197.8234,458.5584,28.0000
G1_0066,721.2346,3,125.2548,144.0000,426.3229,25.6569
G1_0067,743.1270,3,66.6274,156.0000,482.5584,37.9411
G1_0068,701.3524,6,70.2254,112.9706,492.4996,25.6569
G1_0069,717.6854,2,174.3919,135.7645,379.5290,28.0000
G1_0070,703.2935,3,105.8234,62.9117,506.5584,28.0000
G1_0071,706.9403,4,56.2843,130.7939,494.2052,25.6569
G1_0072,753.6367,5,136.2843,93.9411,427.5290,95.8823
G1_0073,754.7737,4,143.5980,88.9706,484.2641,37.9411
G1_0074,750.7250,3,209.1371,105.9411,407.6468,28.0000
G1_0075,754.2052,4,35.3137,207.7645,485.4701,25.6569
G1_0076,747.1758,3,125.8234,101.8234,499.5290,20.0000
G1_0077,741.9209,6,120.1665,108.8528,492.9016,20.0000
G1_0078,716.3818,3,115.4802,50.9117,517.7056,32.2843
G1_0079,723.9798,5,46.6274,149.8234,499.5290,28.0000
G1_0080,703.2935,3,54.9117,120.8528,499.5290,28.0000
G1_0081,739.8133,4,91.1960,158.9117,464.7351,24.9706
G1_0082,767.6955,6,280.5685,91.8823,369.5879,25.6569
G1_0083,720.4996,4,242.7939,141.9411,315.7645,20.0000
G1_0084,731.1758,3,114.5097,135.7645,453.5879,27.3137
G1_0085,755.1758,4,89.2548,127.8823,512.3818,25.6569
G1_0086,751.2935,4,132.8528,262.7939,301.7056,53.9411
G1_0087,694.7250,4,58.6274,284.7351,291.7645,59.5980
G1_0088,718.3919,2,120.0000,72.0000,442.7939,83.5980
G1_0089,763.3423,4,89.9411,323.6468,317.4701,32.2843
G1_0090,736.6661,3,172.0488,108.8528,435.7645,20.0000
G1_0091,703.8620,5,98.5097,149.8234,359.6468,95.8823
G1_0092,712.8326,4,109.5391,216.8528,348.4996,37.9411
G1_0093,720.9016,4,59.3137,149.8234,483.7645,28.0000
G1_0094,695.9310,3,87.3137,76.9706,503.6468,28.0000
G2_0079,608.7351,4,78.9117,165.9411,338.9117,24.9706
G2_0080,643.4113,2,222.7939,16.9706,383.6468,20.0000
G2_0081,587.0782,4,119.3137,45.9411,396.8528,24.9706
G2_0082,580.3818,4,108.1665,79.8823,366.6762,25.6569
G2_0083,605.5879,5,80.5685,120.0000,315.7645,89.2548
G2_0084,639.6955,5,64.2843,113.8234,436.6173,24.9706
G2_0085,622.3229,4,99.8823,135.7645,366.6762,20.0000
G2_0086,641.6367,4,81.6569,124.9706,409.3524,25.6569
G2_0087,572.7838,4,83.5980,96.8528,366.6762,25.6569
G2_0088,574.1564,2,90.5097,163.8823,291.7645,28.0000
G2_0089,568.9016,5,99.5980,28.9706,414.6762,25.6569
G2_0090,562.8427,2,28.2843,242.9117,263.6468,28.0000
G2_0091,594.2742,2,202.5097,72.0000,291.7645,28.0000
G2_0092,567.6955,4,92.2843,40.9706,413.4701,20.9706
G3_0001,623.8620,4,35.3137,81.9411,479.2935,27.3137
G3_0002,508.7838,3,51.3137,81.9411,355.5290,20.0000
G3_0003,315.6468,4,46.6274,115.8823,125.8234,27.3137
G3_0004,723.7443,3,115.5980,28.9706,559.1758,20.0000
G3_0005,675.1758,4,60.0000,45.9411,544.2641,24.9706
G3_0006,503.5290,4,51.5980,100.9706,323.6468,27.3137
G3_0007,832.6661,5,59.5980,718.4407,28.9706,25.6569
G3_0008,266.5097,3,85.2548,129.9411,24.0000,27.3137
G3_0009,467.6468,6,112.9706,74.9117,192.8528,86.9117
G3_0010,835.4113,4,94.6274,583.5290,76.9706,80.2843
G3_0011,539.8133,3,145.4214,12.0000,356.7351,25.6569
G3_0012,798.3229,5,97.2548,646.4407,28.9706,25.6569
G3_0013,685.9209,4,46.6274,251.6468,349.7056,37.9411
G3_0014,856.6661,5,44.2843,204.8528,525.5879,81.9411
G3_0015,587.4113,3,49.9411,33.9411,465.5879,37.9411
G3_0016,647.9310,3,39.3137,12.0000,558.6762,37.9411
G3_0017,846.7250,2,45.2548,269.8234,503.6468,28.0000
G3_0018,612.7838,3,177.2548,79.8823,335.6468,20.0000
G3_0019,305.7056,4,140.5685,103.8823,28.9706,32.2843
G3_0020,245.0193,3,108.8528,16.9706,86.9117,32.2843
G3_0021,624.9991,1,117.8234,475.1758,12.0000,20.0000
G3_0022,566.7250,3,120.9706,84.8528,328.6173,32.2843
G3_0023,278.9605,3,113.1371,57.9411,86.9117,20.9706
G3_0024,394.2742,4,48.2843,110.9117,207.7645,27.3137
G3_0025,372.2153,3,113.1371,91.8823,139.8823,27.3137
G3_0026,675.6468,6,74.6274,52.9706,449.8234,98.2254
G3_0027,608.6661,4,133.5391,130.7939,313.7056,30.6274
G3_0028,825.6367,3,113.1371,101.8234,589.7056,20.9706
G3_0029,694.1564,4,100.0000,229.7056,271.8823,92.5685
G3_0030,853.8519,4,133.8234,129.9411,552.1463,37.9411
G3_0031,849.6367,4,182.9117,76.9706,557.4701,32.2843
G3_0032,658.0387,4,51.3137,57.9411,521.4701,27.3137
G3_0033,820.2153,3,186.5097,57.9411,555.7645,20.0000
G3_0034,850.0387,5,179.1960,79.8823,563.6468,27.3137
G3_0035,299.8823,4,29.6569,184.9706,57.9411,27.3137
G3_0036,574.5584,4,54.9117,192.8528,305.8234,20.9706
G3_0037,474.6762,4,130.9117,64.9706,240.8528,37.9411
G3_0038,676.3818,5,296.6173,12.0000,329.8234,37.9411
G3_0039,852.3818,3,108.9706,148.9706,574.4407,20.0000
G3_0040,847.3625,3,242.7939,12.0000,566.9117,25.6569
G3_0041,832.0975,3,173.2548,67.8823,558.6762,32.2843
G3_0042,777.0681,4,132.4508,57.9411,565.7056,20.9706
G3_0043,822.0874,4,134.7939,108.8528,540.4996,37.9411
G3_0044,561.0681,3,54.6274,24.0000,444.4996,37.9411
G3_0045,653.7544,2,40.0000,24.0000,557.4701,32.2843
G3_0046,783.2935,4,121.8234,113.8234,527.6468,20.0000
G3_0047,705.4701,5,58.9117,40.9706,568.6173,36.9706
G3_0048,541.1859,3,43.3137,24.0000,441.5879,32.2843
G3_0049,489.3036,6,112.5685,115.8823,235.8823,24.9706
G3_0050,460.0488,5,47.3137,76.9706,315.7645,20.0000
G3_0051,720.3330,5,137.5391,112.9706,444.8528,24.9706
G3_0052,800.9991,7,521.2346,163.8823,28.9706,86.9117
G3_0053,847.7931,4,129.2548,596.0286,62.9117,59.5980
G3_0054,794.9403,4,84.8528,356.3818,320.7351,32.9706
G3_0055,739.9798,5,98.9117,586.4407,28.9706,25.6569
G3_0056,768.9991,3,41.9411,551.2935,147.7645,28.0000
G3_0057,635.3423,5,113.8234,402.3229,62.9117,56.2843
G3_0058,443.2447,3,127.5980,176.7351,110.9117,28.0000
G3_0059,851.9108,3,40.2843,747.0580,33.9411,30.6274
G3_0060,656.8326,5,38.6274,367.5290,222.6762,28.0000
G3_0061,723.3423,3,76.2843,40.9706,586.0874,20.0000
G3_0062,398.7939,2,56.0000,211.8823,110.9117,20.0000
G3_0063,704.4306,5,40.9706,88.9706,542.2052,32.2843
G3_0064,433.8721,5,78.2254,108.8528,226.7939,20.0000
G3_0065,495.1270,4,74.2254,117.9411,270.6762,32.2843
G3_0066,743.8620,5,41.9411,115.8823,560.3818,25.6569
G3_0067,845.1169,4,51.3137,255.7645,512.3818,25.6569
G3_0068,832.0975,10,36.2843,16.9706,753.1859,25.6569
G3_0069,983.6266,12,70.2254,122.9117,764.8326,25.6569
G3_0070,639.2935,4,43.3137,57.9411,512.3818,25.6569
G3_0071,759.4600,4,52.2843,84.8528,601.3524,20.9706
G3_0072,781.3524,5,104.2843,100.9706,545.4701,30.6274
G3_0073,438.1564,7,44.9706,79.8823,287.6468,25.6569
G3_0074,271.1960,2,103.3137,60.0000,79.8823,28.0000
G3_0075,710.1564,3,70.6274,33.9411,568.6173,36.9706
G3_0076,838.4895,4,405.0193,203.6468,192.8528,36.9706
G3_0077,612.2153,5,115.1960,165.9411,298.7939,32.2843
G3_0078,275.4802,4,49.9411,153.9411,45.9411,25.6569
G3_0079,523.0092,2,84.5685,382.4407,36.0000,20.0000
G3_0080,623.8620,1,56.5685,503.2935,36.0000,28.0000
G3_0081,728.5971,4,92.5685,120.8528,477.2346,37.9411
G3_0082,553.7056,2,58.9117,50.9117,415.8823,28.0000
G3_0083,834.6762,3,94.9117,132.0000,521.8234,85.9411
G3_0084,732.7149,5,68.5685,556.2641,33.9411,73.9411
G3_0085,619.6468,4,44.9706,110.9117,425.8234,37.9411
G3_0086,523.8823,3,77.9411,12.0000,400.9706,32.9706
G3_0087,619.6468,3,113.1371,297.9411,182.9117,25.6569
G3_0088,235.0782,1,169.1371,33.9411,12.0000,20.0000
G3_0089,613.9209,4,209.1371,139.8823,232.6173,32.2843
G3_0090,740.7838,5,201.2548,247.8823,195.7645,95.8823
G3_0091,424.4996,7,49.6569,45.9411,222.6762,106.2254
G3_0092,304.3330,3,99.8823,139.8823,33.9411,30.6274
G2_0093,583.1270,5,142.2254,16.9706,403.9310,20.0000
G2_0094,563.8133,3,75.3137,153.9411,314.5584,20.0000
G2_0095,648.4306,6,35.3137,278.5584,314.5584,20.0000
G2_0096,621.6854,3,29.6569,288.4996,278.5584,24.9706
G2_0097,597.7544,4,94.5097,110.9117,366.6762,25.6569
G2_0098,575.1270,5,161.5391,98.9117,294.6762,20.0000
G2_0099,587.5778,6,62.9117,120.8528,314.5584,89.2548
G2_0100,561.4701,4,87.8823,12.0000,436.6173,24.9706
G2_0101,634.4407,4,56.9706,108.8528,448.6173,20.0000
G2_0102,585.2346,3,109.8234,67.8823,379.5290,28.0000
G2_0103,577.3036,4,85.5391,141.9411,324.8528,24.9706
G2_0104,642.8427,5,33.6569,168.8528,414.6762,25.6569
G2_0105,577.8032,4,89.5391,50.9117,416.3818,20.9706
G2_0106,624.0975,4,137.5391,50.9117,339.7645,95.8823
G2_0107,634.3717,2,51.3137,135.7645,419.2935,28.0000
G2_0108,618.3717,2,35.3137,135.7645,419.2935,28.0000
G2_0109,565.3524,3,61.9411,195.7645,287.6468,20.0000
G2_0110,622.7250,3,91.1960,100.9706,410.5584,20.0000
G2_0111,616.0975,4,116.1665,100.9706,371.6468,27.3137
G2_0112,573.0193,4,66.9117,98.9117,379.8823,27.3137
G2_0113,588.9504,3,73.5391,112.9706,382.4407,20.0000
G2_0114,590.9605,5,69.2548,139.8823,353.8234,28.0000
G2_0115,642.2742,4,67.5980,206.9117,346.7939,20.9706
G2_0116,608.9016,3,104.1665,88.9706,387.7645,28.0000
G2_0117,602.6762,2,174.9117,12.0000,387.7645,28.0000
G2_0118,563.2447,4,67.5980,79.8823,387.7645,28.0000
G2_0119,562.2742,4,70.2254,98.9117,365.8234,27.3137
G2_0120,565.1859,3,144.5685,125.8234,274.7939,20.0000
G2_0121,608.8326,3,128.5685,57.9411,402.3229,20.0000
G2_0122,585.2346,3,85.9411,103.8823,375.4113,20.0000
G2_0123,621.1169,3,160.7351,16.9706,418.4407,24.9706
G2_0124,563.4113,4,89.5391,74.9117,371.6468,27.3137
G2_0125,615.6955,3,62.2254,132.8528,400.6173,20.0000
G2_0126,601.2346,3,99.8823,135.7645,340.6173,24.9706
G2_0127,616.6661,3,33.9411,299.6468,255.7645,27.3137
G2_0128,607.1270,3,86.6274,139.8823,352.6173,28.0000
G2_0129,635.8133,7,185.2548,127.8823,301.7056,20.9706
G2_0130,563.0092,3,148.5685,79.8823,314.5584,20.0000
G2_0131,580.9504,3,69.6569,88.9706,402.3229,20.0000
G2_0132,612.7838,4,69.2548,129.9411,388.6173,24.9706
G2_0133,611.0092,3,68.0000,266.5584,250.7939,25.6569
G2_0134,577.3036,4,65.6569,196.9706,294.6762,20.0000
G2_0135,573.3524,2,81.9411,135.7645,335.6468,20.0000
G2_0136,578.8427,4,81.2548,103.8823,368.7351,24.9706
G2_0137,588.2153,5,249.4214,52.9706,264.8528,20.9706
G2_0138,566.5584,3,41.9411,231.7645,264.8528,28.0000
G2_0139,642.4407,4,128.9706,200.7351,284.7351,28.0000
G2_0140,642.7737,3,179.4802,40.9706,402.3229,20.0000
G2_0141,641.0681,3,109.5391,127.8823,383.6468,20.0000
G2_0142,565.5879,4,106.9117,74.9117,358.7939,24.9706
G2_0143,623.2935,5,217.2548,12.0000,368.3818,25.6569
G2_0144,648.3330,6,171.5980,178.7939,267.3137,30.6274
G2_0145,638.7250,6,82.9117,166.7939,298.7939,90.2254
G2_0146,640.0975,3,155.5980,76.9706,379.5290,28.0000
G2_0147,608.6661,4,157.2548,91.8823,338.5584,20.9706
G2_0148,624.5685,2,85.6569,98.9117,420.0000,20.0000
G2_0149,570.1076,3,52.0000,96.8528,393.9411,27.3137
G2_0150,587.8823,2,154.9117,40.9706,372.0000,20.0000
G2_0151,573.9209,4,32.9706,84.8528,425.4701,30.6274
G2_0152,581.3524,3,87.1960,72.0000,396.4996,25.6569
G2_0153,565.1169,6,35.3137,135.7645,303.8133,90.2254
G2_0154,567.1270,4,41.9411,225.9411,273.5879,25.6569
G2_0155,620.9504,4,123.5980,198.6762,277.7056,20.9706
G2_0156,574.1564,4,56.0000,163.8823,328.6173,25.6569
G2_0157,634.8427,3,203.5980,108.0000,297.5879,25.6569
G2_0158,642.0387,3,106.9117,84.8528,424.6173,25.6569
G2_0159,643.1758,2,215.7645,67.8823,331.5290,28.0000
G2_0160,586.4407,3,54.9117,110.9117,400.6173,20.0000
G2_0161,643.5778,3,72.2843,195.7645,355.5290,20.0000
G2_0162,566.9605,3,48.0000,72.0000,419.6468,27.3137
G2_0163,633.4701,4,99.8823,129.9411,349.7056,53.9411
G2_0164,598.1564,4,69.2548,81.9411,419.6468,27.3137
G2_0165,605.7544,4,85.5391,127.8823,366.6762,25.6569
G2_0166,636.3818,3,232.7351,98.9117,284.7351,20.0000
G2_0167,610.0387,3,81.6569,79.8823,420.4996,28.0000
G2_0168,643.7443,2,124.4508,139.8823,351.4113,28.0000
G2_0169,608.8326,3,130.5097,57.9411,392.3818,28.0000
G2_0170,631.1270,4,29.6569,132.8528,448.6173,20.0000
G2_0171,570.0387,4,71.3137,45.9411,425.4701,27.3137
G2_0172,593.7056,6,53.9411,220.9706,293.8234,24.9706
G2_0173,573.1859,4,52.9706,79.8823,414.6762,25.6569
G2_0174,560.3330,2,72.0000,48.0000,414.6762,25.6569
G2_0175,612.7838,4,100.1665,165.9411,325.7056,20.9706
G2_0176,587.2447,4,72.5685,105.9411,380.7351,28.0000
G2_0177,642.6072,2,90.2254,132.0000,392.3818,28.0000
G2_0178,566.7250,4,75.3137,159.7645,311.6468,20.0000
G2_0179,570.0387,3,37.6569,88.9706,423.4113,20.0000
G2_0180,562.6072,3,92.8528,16.9706,425.4701,27.3137
G2_0181,568.3330,4,41.6569,130.7939,374.9117,20.9706
G2_0182,642.7737,5,187.3625,137.8234,292.6173,24.9706
G2_0183,573.0193,3,75.3137,81.9411,387.7645,28.0000
G2_0184,610.9117,3,44.9706,132.0000,412.9706,20.9706
G1_0095,752.9016,4,133.2548,149.8234,432.8528,36.9706
G1_0096,736.8326,4,120.1665,122.9117,461.4701,32.2843
G1_0097,721.9697,3,132.8528,50.9117,501.2346,36.9706
G1_0098,760.0286,4,54.9117,62.9117,580.2641,61.9411
G1_0099,704.8326,3,235.8823,33.9411,409.3524,25.6569
G1_0100,740.7149,4,55.3137,198.6762,454.4407,32.2843
G1_0101,696.2641,3,132.8528,16.9706,492.4996,53.9411
G1_0102,737.5677,4,263.6468,12.0000,436.2641,25.6569
G1_0103,736.9991,6,68.5685,181.7056,454.4407,32.2843
G1_0104,753.4012,3,271.9310,50.9117,376.6173,53.9411
G1_0105,702.4895,4,202.5097,115.8823,353.4701,30.6274
G1_0106,758.6560,4,73.2548,334.4407,318.6762,32.2843
G1_0107,697.2346,4,36.9706,249.5879,356.7351,53.9411
G1_0108,758.8225,3,127.1960,101.8234,504.1463,25.6569
G1_0109,720.4306,4,83.8823,169.7056,439.5290,27.3137
G1_0110,752.6661,4,77.6569,194.9117,454.4407,25.6569
G1_0111,763.3423,3,169.4214,84.0000,484.2641,25.6569
G1_0112,753.4012,4,82.2254,168.8528,464.3818,37.9411
G1_0113,698.2052,4,179.7645,52.9706,432.4996,32.9706
G1_0114,751.5290,3,44.9706,178.7939,507.7645,20.0000
G1_0115,762.4407,4,100.9706,141.9411,499.5290,20.0000
G1_0116,720.4306,4,85.9411,100.9706,501.2346,32.2843
G1_0117,754.6072,4,63.3137,219.7645,405.5879,65.9411
G1_0118,697.0681,3,65.9411,120.0000,485.4701,25.6569
G1_0119,718.1564,4,89.9411,225.9411,376.6173,25.6569
G1_0120,698.6072,4,89.2548,137.8234,451.5290,20.0000
G1_0121,759.8620,5,91.8823,149.8234,492.4996,25.6569
G1_0122,747.1758,5,125.1371,278.9117,317.4701,25.6569
G1_0123,701.5189,6,98.5097,115.8823,461.4701,25.6569
G1_0124,711.1270,3,94.6274,129.9411,458.5584,28.0000
G1_0125,699.9798,4,119.4802,124.9706,427.5290,28.0000
G1_0126,759.1270,4,53.6569,184.9706,482.5584,37.9411
G1_0127,706.6072,5,77.2548,105.9411,432.4996,90.9117
G1_0128,722.6072,5,93.2548,105.9411,490.4407,32.9706
G1_0129,748.3818,3,88.8528,243.7645,387.7645,28.0000
G1_0130,759.7645,1,40.0000,192.0000,507.7645,20.0000
G1_0131,748.7838,3,138.2254,110.9117,479.6468,20.0000
G1_0132,707.5778,3,81.2548,290.5584,315.7645,20.0000
G1_0133,750.5584,3,145.8234,124.9706,459.7645,20.0000
G1_0134,700.5483,4,107.4802,160.9706,406.4407,25.6569
G1_0135,699.8823,3,139.5980,28.9706,504.0000,27.3137
G1_0136,736.2641,5,121.8234,130.7939,462.6762,20.9706
G1_0137,708.8814,3,104.1665,152.7351,421.3524,30.6274
G1_0138,707.4113,3,66.9117,118.7939,500.7351,20.9706
G1_0139,770.4407,6,96.5685,153.9411,409.7056,110.2254
G1_0140,754.6072,3,179.0782,72.0000,465.5879,37.9411
G1_0141,699.0092,4,94.5097,120.8528,462.6762,20.9706
G1_0142,761.8032,5,53.2548,363.4113,317.8234,27.3137
G1_0143,752.8326,4,41.6569,375.4113,315.7645,20.0000
G1_0144,717.9209,3,72.5685,125.8234,499.5290,20.0000
G1_0145,703.5290,4,136.8528,230.9117,315.7645,20.0000
G1_0146,742.8915,3,68.5685,222.6762,431.6468,20.0000
G1_0147,740.1463,4,125.5391,249.5879,337.7056,27.3137
G1_0148,699.9798,4,87.5980,220.6173,363.7645,28.0000
G1_0149,697.2346,4,53.6569,210.6762,405.5879,27.3137
G1_0150,758.2540,5,125.1371,266.5584,345.5879,20.9706
G1_0151,702.4895,4,147.8823,96.0000,402.3229,56.2843
G1_0152,759.0580,6,73.2548,283.5290,376.6173,25.6569
G1_0153,696.4306,4,78.2254,122.9117,467.2935,28.0000
G1_0154,747.7443,4,136.5685,187.8823,385.3524,37.9411
G1_0155,700.7149,4,32.2843,317.4701,294.6762,56.2843
G1_0156,761.2346,6,44.9706,220.9706,399.4113,95.8823
G1_0157,755.5778,6,75.3137,139.8823,502.4407,37.9411
G1_0158,763.7443,3,68.5685,171.7645,495.4113,28.0000
G1_0159,703.8620,3,43.5980,324.4996,315.7645,20.0000
G1_0160,714.8427,4,72.9706,276.8528,337.7056,27.3137
G1_0161,763.5088,4,87.1960,271.5290,377.4701,27.3137
G1_0162,694.7250,4,146.1076,156.8528,353.8234,37.9411
G1_0163,754.4407,5,32.2843,346.7939,349.7056,25.6569
G1_0164,742.3229,5,104.9706,160.9706,450.7250,25.6569
G1_0165,748.3128,5,121.1371,251.6468,321.5879,53.9411
G1_0166,710.1564,6,224.5685,81.9411,378.6762,24.9706
G1_0167,764.8814,7,119.4802,198.6762,421.7544,24.9706
G1_0168,709.8519,2,75.8823,203.6468,402.3229,28.0000
G1_0169,711.6955,6,105.8234,220.9706,357.5879,27.3137
G1_0170,747.5088,3,51.3137,271.5290,397.3524,27.3137
G1_0171,710.4895,4,122.2254,233.8234,300.4996,53.9411
G1_0172,727.1270,6,119.1960,249.9411,325.7056,32.2843
G1_0173,732.8814,5,111.1960,67.8823,523.1758,30.6274
G1_0174,720.9991,4,150.7939,50.9117,491.2935,28.0000
G1_0175,707.5778,4,119.3137,96.8528,454.4407,36.9706
G1_0176,741.9209,6,199.1960,105.9411,396.4996,40.2843
G1_0177,700.3818,4,38.6274,255.7645,373.7056,32.2843
G1_0178,707.9798,7,74.9117,252.8528,287.6468,92.5685
G1_0179,760.2641,4,221.7056,192.8528,320.7351,24.9706
G1_0180,734.7250,6,99.8823,235.8823,371.6468,27.3137
G1_0181,696.8326,4,67.5980,198.6762,410.5584,20.0000
G1_0182,710.4895,4,56.9706,166.7939,459.4113,27.3137
G1_0183,701.1169,5,32.2843,314.5584,328.6173,25.6569
G1_0184,755.4113,4,133.9411,147.7645,452.7351,20.9706
G1_0185,762.3717,6,30.6274,377.4701,328.6173,25.6569
G1_0186,761.9697,4,75.8823,203.6468,461.4701,20.9706
G1_0187,731.4113,4,142.1076,113.8234,449.8234,25.6569
G1_0188,705.4012,5,94.2254,234.6762,338.5584,37.9411
G3_0093,719.7645,1,120.0000,567.7645,12.0000,20.0000
G3_0094,199.1960,1,119.1960,48.0000,12.0000,20.0000
G3_0095,537.2346,2,49.9411,455.2935,12.0000,20.0000
G3_0096,320.3330,7,32.0000,91.8823,100.5685,95.8823
G3_0097,780.4794,3,189.0193,523.1758,12.0000,56.2843
G3_0098,507.2447,3,113.1371,153.9411,220.1665,20.0000
G3_0099,722.9403,3,33.9411,624.9991,36.0000,28.0000
G3_0100,808.1951,3,97.9411,658.9403,24.0000,27.3137
G3_0101,765.8519,4,57.9411,634.9403,52.9706,20.0000
G3_0102,818.1362,4,105.2548,680.8814,12.0000,20.0000
G3_0103,844.8814,2,49.9411,730.9403,36.0000,28.0000
G3_0104,733.1169,2,124.8528,544.2641,36.0000,28.0000
G3_0105,764.3128,4,70.6274,455.2935,212.7351,25.6569
G3_0106,757.6854,2,72.5685,653.1169,12.0000,20.0000
G3_0107,734.0874,4,51.5980,283.5290,342.6762,56.2843
G3_0108,853.6164,3,45.6569,661.8519,113.8234,32.2843
G3_0109,697.9697,3,49.9411,567.0580,52.9706,28.0000
G3_0110,752.1951,2,65.2548,646.9403,12.0000,28.0000
G3_0111,716.0488,4,83.1960,100.9706,511.8823,20.0000
G3_0112,667.3423,4,312.9016,203.6468,130.7939,20.0000
G3_0113,346.8427,3,31.3137,28.9706,266.5584,20.0000
G3_0114,732.1463,2,117.8234,192.0000,402.3229,20.0000
G3_0115,861.6854,8,96.8528,196.9706,535.5778,32.2843
G3_0116,381.1859,3,97.5391,16.9706,246.6762,20.0000
G3_0117,481.0681,4,49.6569,28.9706,382.4407,20.0000
G3_0118,557.3524,4,51.5980,202.7939,275.6468,27.3137
G3_0119,478.8915,3,136.4508,300.4996,16.9706,24.9706
G3_0120,155.8823,1,75.8823,48.0000,12.0000,20.0000
G3_0121,648.6661,4,98.6274,215.6468,308.7351,25.6569
G3_0122,843.8133,4,49.6569,219.7645,548.7351,25.6569
G3_0123,619.0782,3,47.3137,12.0000,531.7645,28.0000
G3_0124,207.1960,2,109.2548,57.9411,12.0000,28.0000
G3_0125,592.4996,3,82.2254,12.0000,472.6173,25.6569
G3_0126,717.3524,5,117.8234,183.7645,319.8823,95.8823
G3_0127,800.4306,3,113.1371,203.6468,387.7645,95.8823
G3_0128,804.3818,6,91.5980,76.9706,525.5879,110.2254
G3_0129,688.9016,4,215.1960,201.9411,233.8234,37.9411
G3_0130,668.7838,3,162.1076,84.8528,384.8528,36.9706
G3_0131,760.4306,5,324.9016,12.0000,386.5584,36.9706
G3_0132,578.8427,4,74.2254,62.9117,416.7351,24.9706
G3_0133,706.3717,4,88.8528,334.4407,255.7645,27.3137
G3_0134,736.4306,4,273.3036,186.6762,250.7939,25.6569
G3_0135,928.4306,14,65.6569,12.0000,829.8032,20.9706
G3_0136,577.0681,4,254.3919,231.7645,69.9411,20.9706
G3_0137,682.6072,4,250.5097,115.8823,285.5879,30.6274
G3_0138,793.2346,4,235.8823,207.7645,316.6173,32.9706
G3_0139,853.4499,4,116.5685,178.7939,521.1169,36.9706
G3_0140,816.7636,2,217.7056,135.7645,443.2935,20.0000
G3_0141,752.0286,4,49.2548,172.9706,504.1463,25.6569
G3_0142,689.5677,4,62.9117,28.9706,572.0286,25.6569
G3_0143,781.6854,4,44.9706,178.7939,532.2641,25.6569
G3_0144,629.5189,4,133.9411,12.0000,373.3524,110.2254
G3_0145,781.0479,3,159.0782,28.9706,560.0286,32.9706
G3_0146,842.9403,4,174.7939,88.9706,542.2052,36.9706
G3_0147,512.2641,3,75.5980,12.0000,397.3524,27.3137
G3_0148,731.4113,3,47.3137,156.0000,502.4407,25.6569
G3_0149,822.0874,4,57.2548,256.6173,482.5584,25.6569
G3_0150,820.3128,4,33.9411,387.4113,371.6468,27.3137
G3_0151,758.4895,3,46.6274,135.7645,550.4407,25.6569
G3_0152,762.3717,4,30.6274,319.5290,386.5584,25.6569
G3_0153,656.9991,4,57.2548,351.4113,222.6762,25.6569
G3_0154,694.4895,3,115.4802,186.6762,366.6762,25.6569
G3_0155,676.3128,5,81.5391,414.3229,154.7939,25.6569
G3_0156,485.3524,4,58.6274,307.5290,91.8823,27.3137
G3_0157,575.6955,6,345.1859,69.9411,134.9117,25.6569
G3_0158,712.8326,4,265.8234,392.3818,28.9706,25.6569
G3_0159,454.3229,4,48.2843,351.4113,28.9706,25.6569
G3_0160,377.4701,4,117.1371,205.7056,28.9706,25.6569
G3_0161,779.5088,4,305.5879,419.2935,28.9706,25.6569
G3_0162,814.2540,4,53.2548,177.9411,545.1169,37.9411
G3_0163,838.9605,5,216.5685,67.8823,528.8528,25.6569
G3_0164,807.6266,2,90.5097,144.0000,540.1463,32.9706
G3_0165,719.8620,4,64.5685,57.9411,560.3818,36.9706
G3_0166,718.2540,5,412.3818,186.6762,86.9117,32.2843
G3_0167,847.0580,3,97.5391,186.6762,535.5290,27.3137
G3_0168,665.6367,4,118.9117,12.0000,507.4113,27.3137
G3_0169,732.1463,5,100.1665,36.0000,570.3229,25.6569
G3_0170,817.4701,5,213.2548,96.0000,482.5584,25.6569
G3_0171,671.8620,4,91.1960,45.9411,507.4113,27.3137
G3_0172,706.6072,4,38.6274,72.0000,570.3229,25.6569
G3_0173,797.3524,4,120.2843,100.9706,550.4407,25.6569
G3_0174,691.1758,4,37.9411,28.9706,570.3229,53.9411
G3_0175,739.7443,4,41.9411,101.8234,570.3229,25.6569
G3_0176,745.4012,4,49.6569,147.7645,517.3524,30.6274
G3_0177,807.6266,4,130.6274,154.7939,484.2641,37.9411
G3_0178,824.2641,4,318.5097,379.5290,93.9411,32.2843
G3_0179,814.3229,4,120.9706,238.7939,417.5879,36.9706
G3_0180,832.6661,4,213.5391,188.7351,404.7351,25.6569
G3_0181,412.0488,4,65.6569,175.8823,144.8528,25.6569
G3_0182,784.4996,3,178.2254,12.0000,568.6173,25.6569
G3_0183,847.6266,6,161.2548,161.8234,426.3229,98.2254
G3_0184,848.9991,4,124.2843,204.8528,494.2052,25.6569
TOTAL,370313.2704,2168,58483.4603,87555.0354,206918.6388,17356.1359
GROUP_G1,137349.6010,774,,,,
GROUP_G2,111333.3194,676,,,,
GROUP_G3,121630.3500,718,,,,
LAYER_M1,58483.4603,,58483.4603,,,
LAYER_M2,87555.0354,,,87555.0354,,
LAYER_M3,206918.6388,,,,206918.6388,
LAYER_M4,17356.1359,,,,,17356.1359
