candidate_id,C4_x,C4_y
0,0,10000
1,152,10000
2,304,10000
3,456,10000
4,608,10000
5,760,10000
6,912,10000
7,1064,10000
8,1216,10000
9,1368,10000
10,1520,10000
11,1672,10000
12,1824,10000
13,1976,10000
14,2128,10000
15,2280,10000
16,2432,10000
17,2584,10000
18,2736,10000
19,2888,10000
20,3040,10000
21,3192,10000
22,3344,10000
23,3496,10000
24,3648,10000
25,3800,10000
26,3952,10000
27,4104,10000
28,4256,10000
29,4408,10000
30,4560,10000
31,4712,10000
32,4864,10000
33,5016,10000
34,5168,10000
35,5320,10000
36,5472,10000
37,5624,10000
38,5776,10000
39,5928,10000
40,6080,10000
41,6232,10000
42,6384,10000
43,6536,10000
44,6688,10000
45,6840,10000
46,6992,10000
47,7144,10000
48,7296,10000
49,7448,10000
50,7600,10000
51,7752,10000
52,7904,10000
53,8056,10000
54,8208,10000
55,8360,10000
56,8512,10000
57,8664,10000
58,8816,10000
59,8968,10000
60,9120,10000
61,9272,10000
62,9424,10000
63,9576,10000
64,9728,10000
65,9880,10000
66,0,9848
67,152,9848
68,304,9848
69,456,9848
70,608,9848
71,760,9848
72,912,9848
73,1064,9848
74,1216,9848
75,1368,9848
76,1520,9848
77,1672,9848
78,1824,9848
79,1976,9848
80,2128,9848
81,2280,9848
82,2432,9848
83,2584,9848
84,2736,9848
85,2888,9848
86,3040,9848
87,3192,9848
88,3344,9848
89,3496,9848
90,3648,9848
91,3800,9848
92,3952,9848
93,4104,9848
94,4256,9848
95,4408,9848
96,4560,9848
97,4712,9848
98,4864,9848
99,5016,9848
100,5168,9848
101,5320,9848
102,5472,9848
103,5624,9848
104,5776,9848
105,5928,9848
106,6080,9848
107,6232,9848
108,6384,9848
109,6536,9848
110,6688,9848
111,6840,9848
112,6992,9848
113,7144,9848
114,7296,9848
115,7448,9848
116,7600,9848
117,7752,9848
118,7904,9848
119,8056,9848
120,8208,9848
121,8360,9848
122,8512,9848
123,8664,9848
124,8816,9848
125,8968,9848
126,9120,9848
127,9272,9848
128,9424,9848
129,9576,9848
130,9728,9848
131,9880,9848
132,0,9696
133,152,9696
134,304,9696
135,456,9696
136,608,9696
137,760,9696
138,912,9696
139,1064,9696
140,1216,9696
141,1368,9696
142,1520,9696
143,1672,9696
144,1824,9696
145,1976,9696
146,2128,9696
147,2280,9696
148,2432,9696
149,2584,9696
150,2736,9696
151,2888,9696
152,3040,9696
153,3192,9696
154,3344,9696
155,3496,9696
156,3648,9696
157,3800,9696
158,3952,9696
159,4104,9696
160,4256,9696
161,4408,9696
162,4560,9696
163,4712,9696
164,4864,9696
165,5016,9696
166,5168,9696
167,5320,9696
168,5472,9696
169,5624,9696
170,5776,9696
171,5928,9696
172,6080,9696
173,6232,9696
174,6384,9696
175,6536,9696
176,6688,9696
177,6840,9696
178,6992,9696
179,7144,9696
180,7296,9696
181,7448,9696
182,7600,9696
183,7752,9696
184,7904,9696
185,8056,9696
186,8208,9696
187,8360,9696
188,8512,9696
189,8664,9696
190,8816,9696
191,8968,9696
192,9120,9696
193,9272,9696
194,9424,9696
195,9576,9696
196,9728,9696
197,9880,9696
198,0,9544
199,152,9544
200,304,9544
201,456,9544
202,608,9544
203,760,9544
204,912,9544
205,1064,9544
206,1216,9544
207,1368,9544
208,1520,9544
209,1672,9544
210,1824,9544
211,1976,9544
212,2128,9544
213,2280,9544
214,2432,9544
215,2584,9544
216,2736,9544
217,2888,9544
218,3040,9544
219,3192,9544
220,3344,9544
221,3496,9544
222,3648,9544
223,3800,9544
224,3952,9544
225,4104,9544
226,4256,9544
227,4408,9544
228,4560,9544
229,4712,9544
230,4864,9544
231,5016,9544
232,5168,9544
233,5320,9544
234,5472,9544
235,5624,9544
236,5776,9544
237,5928,9544
238,6080,9544
239,6232,9544
240,6384,9544
241,6536,9544
242,6688,9544
243,6840,9544
244,6992,9544
245,7144,9544
246,7296,9544
247,7448,9544
248,7600,9544
249,7752,9544
250,7904,9544
251,8056,9544
252,8208,9544
253,8360,9544
254,8512,9544
255,8664,9544
256,8816,9544
257,8968,9544
258,9120,9544
259,9272,9544
260,9424,9544
261,9576,9544
262,9728,9544
263,9880,9544
264,0,9392
265,152,9392
266,304,9392
267,456,9392
268,608,9392
269,760,9392
270,912,9392
271,1064,9392
272,1216,9392
273,1368,9392
274,1520,9392
275,1672,9392
276,1824,9392
277,1976,9392
278,2128,9392
279,2280,9392
280,2432,9392
281,2584,9392
282,2736,9392
283,2888,9392
284,3040,9392
285,3192,9392
286,3344,9392
287,3496,9392
288,3648,9392
289,3800,9392
290,3952,9392
291,4104,9392
292,4256,9392
293,4408,9392
294,4560,9392
295,4712,9392
296,4864,9392
297,5016,9392
298,5168,9392
299,5320,9392
300,5472,9392
301,5624,9392
302,5776,9392
303,5928,9392
304,6080,9392
305,6232,9392
306,6384,9392
307,6536,9392
308,6688,9392
309,6840,9392
310,6992,9392
311,7144,9392
312,7296,9392
313,7448,9392
314,7600,9392
315,7752,9392
316,7904,9392
317,8056,9392
318,8208,9392
319,8360,9392
320,8512,9392
321,8664,9392
322,8816,9392
323,8968,9392
324,9120,9392
325,9272,9392
326,9424,9392
327,9576,9392
328,9728,9392
329,9880,9392
330,0,9240
331,152,9240
332,304,9240
333,456,9240
334,608,9240
335,760,9240
336,912,9240
337,1064,9240
338,1216,9240
339,1368,9240
340,1520,9240
341,1672,9240
342,1824,9240
343,1976,9240
344,2128,9240
345,2280,9240
346,2432,9240
347,2584,9240
348,2736,9240
349,2888,9240
350,3040,9240
351,3192,9240
352,3344,9240
353,3496,9240
354,3648,9240
355,3800,9240
356,3952,9240
357,4104,9240
358,4256,9240
359,4408,9240
360,4560,9240
361,4712,9240
362,4864,9240
363,5016,9240
364,5168,9240
365,5320,9240
366,5472,9240
367,5624,9240
368,5776,9240
369,5928,9240
370,6080,9240
371,6232,9240
372,6384,9240
373,6536,9240
374,6688,9240
375,6840,9240
376,6992,9240
377,7144,9240
378,7296,9240
379,7448,9240
380,7600,9240
381,7752,9240
382,7904,9240
383,8056,9240
384,8208,9240
385,8360,9240
386,8512,9240
387,8664,9240
388,8816,9240
389,8968,9240
390,9120,9240
391,9272,9240
392,9424,9240
393,9576,9240
394,9728,9240
395,9880,9240
396,0,9088
397,152,9088
398,304,9088
399,456,9088
400,608,9088
401,760,9088
402,912,9088
403,1064,9088
404,1216,9088
405,1368,9088
406,1520,9088
407,1672,9088
408,1824,9088
409,1976,9088
410,2128,9088
411,2280,9088
412,2432,9088
413,2584,9088
414,2736,9088
415,2888,9088
416,3040,9088
417,3192,9088
418,3344,9088
419,3496,9088
420,3648,9088
421,3800,9088
422,3952,9088
423,4104,9088
424,4256,9088
425,4408,9088
426,4560,9088
427,4712,9088
428,4864,9088
429,5016,9088
430,5168,9088
431,5320,9088
432,5472,9088
433,5624,9088
434,5776,9088
435,5928,9088
436,6080,9088
437,6232,9088
438,6384,9088
439,6536,9088
440,6688,9088
441,6840,9088
442,6992,9088
443,7144,9088
444,7296,9088
445,7448,9088
446,7600,9088
447,7752,9088
448,7904,9088
449,8056,9088
450,8208,9088
451,8360,9088
452,8512,9088
453,8664,9088
454,8816,9088
455,8968,9088
456,9120,9088
457,9272,9088
458,9424,9088
459,9576,9088
460,9728,9088
461,9880,9088
462,0,8936
463,152,8936
464,304,8936
465,456,8936
466,608,8936
467,760,8936
468,912,8936
469,1064,8936
470,1216,8936
471,1368,8936
472,1520,8936
473,1672,8936
474,1824,8936
475,1976,8936
476,2128,8936
477,2280,8936
478,2432,8936
479,2584,8936
480,2736,8936
481,2888,8936
482,3040,8936
483,3192,8936
484,3344,8936
485,3496,8936
486,3648,8936
487,3800,8936
488,3952,8936
489,4104,8936
490,4256,8936
491,4408,8936
492,4560,8936
493,4712,8936
494,4864,8936
495,5016,8936
496,5168,8936
497,5320,8936
498,5472,8936
499,5624,8936
500,5776,8936
501,5928,8936
502,6080,8936
503,6232,8936
504,6384,8936
505,6536,8936
506,6688,8936
507,6840,8936
508,6992,8936
509,7144,8936
510,7296,8936
511,7448,8936
512,7600,8936
513,7752,8936
514,7904,8936
515,8056,8936
516,8208,8936
517,8360,8936
518,8512,8936
519,8664,8936
520,8816,8936
521,8968,8936
522,9120,8936
523,9272,8936
524,9424,8936
525,9576,8936
526,9728,8936
527,9880,8936
528,0,8784
529,152,8784
530,304,8784
531,456,8784
532,608,8784
533,760,8784
534,912,8784
535,1064,8784
536,1216,8784
537,1368,8784
538,1520,8784
539,1672,8784
540,1824,8784
541,1976,8784
542,2128,8784
543,2280,8784
544,2432,8784
545,2584,8784
546,2736,8784
547,2888,8784
548,3040,8784
549,3192,8784
550,3344,8784
551,3496,8784
552,3648,8784
553,3800,8784
554,3952,8784
555,4104,8784
556,4256,8784
557,4408,8784
558,4560,8784
559,4712,8784
560,4864,8784
561,5016,8784
562,5168,8784
563,5320,8784
564,5472,8784
565,5624,8784
566,5776,8784
567,5928,8784
568,6080,8784
569,6232,8784
570,6384,8784
571,6536,8784
572,6688,8784
573,6840,8784
574,6992,8784
575,7144,8784
576,7296,8784
577,7448,8784
578,7600,8784
579,7752,8784
580,7904,8784
581,8056,8784
582,8208,8784
583,8360,8784
584,8512,8784
585,8664,8784
586,8816,8784
587,8968,8784
588,9120,8784
589,9272,8784
590,9424,8784
591,9576,8784
592,9728,8784
593,9880,8784
594,0,8632
595,152,8632
596,304,8632
597,456,8632
598,608,8632
599,760,8632
600,912,8632
601,1064,8632
602,1216,8632
603,1368,8632
604,1520,8632
605,1672,8632
606,1824,8632
607,1976,8632
608,2128,8632
609,2280,8632
610,2432,8632
611,2584,8632
612,2736,8632
613,2888,8632
614,3040,8632
615,3192,8632
616,3344,8632
617,3496,8632
618,3648,8632
619,3800,8632
620,3952,8632
621,4104,8632
622,4256,8632
623,4408,8632
624,4560,8632
625,4712,8632
626,4864,8632
627,5016,8632
628,5168,8632
629,5320,8632
630,5472,8632
631,5624,8632
632,5776,8632
633,5928,8632
634,6080,8632
635,6232,8632
636,6384,8632
637,6536,8632
638,6688,8632
639,6840,8632
640,6992,8632
641,7144,8632
642,7296,8632
643,7448,8632
644,7600,8632
645,7752,8632
646,7904,8632
647,8056,8632
648,8208,8632
649,8360,8632
650,8512,8632
651,8664,8632
652,8816,8632
653,8968,8632
654,9120,8632
655,9272,8632
656,9424,8632
657,9576,8632
658,9728,8632
659,9880,8632
660,0,8480
661,152,8480
662,304,8480
663,456,8480
664,608,8480
665,760,8480
666,912,8480
667,1064,8480
668,1216,8480
669,1368,8480
670,1520,8480
671,1672,8480
672,1824,8480
673,1976,8480
674,2128,8480
675,2280,8480
676,2432,8480
677,2584,8480
678,2736,8480
679,2888,8480
680,3040,8480
681,3192,8480
682,3344,8480
683,3496,8480
684,3648,8480
685,3800,8480
686,3952,8480
687,4104,8480
688,4256,8480
689,4408,8480
690,4560,8480
691,4712,8480
692,4864,8480
693,5016,8480
694,5168,8480
695,5320,8480
696,5472,8480
697,5624,8480
698,5776,8480
699,5928,8480
700,6080,8480
701,6232,8480
702,6384,8480
703,6536,8480
704,6688,8480
705,6840,8480
706,6992,8480
707,7144,8480
708,7296,8480
709,7448,8480
710,7600,8480
711,7752,8480
712,7904,8480
713,8056,8480
714,8208,8480
715,8360,8480
716,8512,8480
717,8664,8480
718,8816,8480
719,8968,8480
720,9120,8480
721,9272,8480
722,9424,8480
723,9576,8480
724,9728,8480
725,9880,8480
726,0,8328
727,152,8328
728,304,8328
729,456,8328
730,608,8328
731,760,8328
732,912,8328
733,1064,8328
734,1216,8328
735,1368,8328
736,1520,8328
737,1672,8328
738,1824,8328
739,1976,8328
740,2128,8328
741,2280,8328
742,2432,8328
743,2584,8328
744,2736,8328
745,2888,8328
746,3040,8328
747,3192,8328
748,3344,8328
749,3496,8328
750,3648,8328
751,3800,8328
752,3952,8328
753,4104,8328
754,4256,8328
755,4408,8328
756,4560,8328
757,4712,8328
758,4864,8328
759,5016,8328
760,5168,8328
761,5320,8328
762,5472,8328
763,5624,8328
764,5776,8328
765,5928,8328
766,6080,8328
767,6232,8328
768,6384,8328
769,6536,8328
770,6688,8328
771,6840,8328
772,6992,8328
773,7144,8328
774,7296,8328
775,7448,8328
776,7600,8328
777,7752,8328
778,7904,8328
779,8056,8328
780,8208,8328
781,8360,8328
782,8512,8328
783,8664,8328
784,8816,8328
785,8968,8328
786,9120,8328
787,9272,8328
788,9424,8328
789,9576,8328
790,9728,8328
791,9880,8328
792,0,8176
793,152,8176
794,304,8176
795,456,8176
796,608,8176
797,760,8176
798,912,8176
799,1064,8176
800,1216,8176
801,1368,8176
802,1520,8176
803,1672,8176
804,1824,8176
805,1976,8176
806,2128,8176
807,2280,8176
808,2432,8176
809,2584,8176
810,2736,8176
811,2888,8176
812,3040,8176
813,3192,8176
814,3344,8176
815,3496,8176
816,3648,8176
817,3800,8176
818,3952,8176
819,4104,8176
820,4256,8176
821,4408,8176
822,4560,8176
823,4712,8176
824,4864,8176
825,5016,8176
826,5168,8176
827,5320,8176
828,5472,8176
829,5624,8176
830,5776,8176
831,5928,8176
832,6080,8176
833,6232,8176
834,6384,8176
835,6536,8176
836,6688,8176
837,6840,8176
838,6992,8176
839,7144,8176
840,7296,8176
841,7448,8176
842,7600,8176
843,7752,8176
844,7904,8176
845,8056,8176
846,8208,8176
847,8360,8176
848,8512,8176
849,8664,8176
850,8816,8176
851,8968,8176
852,9120,8176
853,9272,8176
854,9424,8176
855,9576,8176
856,9728,8176
857,9880,8176
858,0,8024
859,152,8024
860,304,8024
861,456,8024
862,608,8024
863,760,8024
864,912,8024
865,1064,8024
866,1216,8024
867,1368,8024
868,1520,8024
869,1672,8024
870,1824,8024
871,1976,8024
872,2128,8024
873,2280,8024
874,2432,8024
875,2584,8024
876,2736,8024
877,2888,8024
878,3040,8024
879,3192,8024
880,3344,8024
881,3496,8024
882,3648,8024
883,3800,8024
884,3952,8024
885,4104,8024
886,4256,8024
887,4408,8024
888,4560,8024
889,4712,8024
890,4864,8024
891,5016,8024
892,5168,8024
893,5320,8024
894,5472,8024
895,5624,8024
896,5776,8024
897,5928,8024
898,6080,8024
899,6232,8024
900,6384,8024
901,6536,8024
902,6688,8024
903,6840,8024
904,6992,8024
905,7144,8024
906,7296,8024
907,7448,8024
908,7600,8024
909,7752,8024
910,7904,8024
911,8056,8024
912,8208,8024
913,8360,8024
914,8512,8024
915,8664,8024
916,8816,8024
917,8968,8024
918,9120,8024
919,9272,8024
920,9424,8024
921,9576,8024
922,9728,8024
923,9880,8024
924,0,7872
925,152,7872
926,304,7872
927,456,7872
928,608,7872
929,760,7872
930,912,7872
931,1064,7872
932,1216,7872
933,1368,7872
934,1520,7872
935,1672,7872
936,1824,7872
937,1976,7872
938,2128,7872
939,2280,7872
940,2432,7872
941,2584,7872
942,2736,7872
943,2888,7872
944,3040,7872
945,3192,7872
946,3344,7872
947,3496,7872
948,3648,7872
949,3800,7872
950,3952,7872
951,4104,7872
952,4256,7872
953,4408,7872
954,4560,7872
955,4712,7872
956,4864,7872
957,5016,7872
958,5168,7872
959,5320,7872
960,5472,7872
961,5624,7872
962,5776,7872
963,5928,7872
964,6080,7872
965,6232,7872
966,6384,7872
967,6536,7872
968,6688,7872
969,6840,7872
970,6992,7872
971,7144,7872
972,7296,7872
973,7448,7872
974,7600,7872
975,7752,7872
976,7904,7872
977,8056,7872
978,8208,7872
979,8360,7872
980,8512,7872
981,8664,7872
982,8816,7872
983,8968,7872
984,9120,7872
985,9272,7872
986,9424,7872
987,9576,7872
988,9728,7872
989,9880,7872
990,0,7720
991,152,7720
992,304,7720
993,456,7720
994,608,7720
995,760,7720
996,912,7720
997,1064,7720
998,1216,7720
999,1368,7720
1000,1520,7720
1001,1672,7720
1002,1824,7720
1003,1976,7720
1004,2128,7720
1005,2280,7720
1006,2432,7720
1007,2584,7720
1008,2736,7720
1009,2888,7720
1010,3040,7720
1011,3192,7720
1012,3344,7720
1013,3496,7720
1014,3648,7720
1015,3800,7720
1016,3952,7720
1017,4104,7720
1018,4256,7720
1019,4408,7720
1020,4560,7720
1021,4712,7720
1022,4864,7720
1023,5016,7720
1024,5168,7720
1025,5320,7720
1026,5472,7720
1027,5624,7720
1028,5776,7720
1029,5928,7720
1030,6080,7720
1031,6232,7720
1032,6384,7720
1033,6536,7720
1034,6688,7720
1035,6840,7720
1036,6992,7720
1037,7144,7720
1038,7296,7720
1039,7448,7720
1040,7600,7720
1041,7752,7720
1042,7904,7720
1043,8056,7720
1044,8208,7720
1045,8360,7720
1046,8512,7720
1047,8664,7720
1048,8816,7720
1049,8968,7720
1050,9120,7720
1051,9272,7720
1052,9424,7720
1053,9576,7720
1054,9728,7720
1055,9880,7720
1056,0,7568
1057,152,7568
1058,304,7568
1059,456,7568
1060,608,7568
1061,760,7568
1062,912,7568
1063,1064,7568
1064,1216,7568
1065,1368,7568
1066,1520,7568
1067,1672,7568
1068,1824,7568
1069,1976,7568
1070,2128,7568
1071,2280,7568
1072,2432,7568
1073,2584,7568
1074,2736,7568
1075,2888,7568
1076,3040,7568
1077,3192,7568
1078,3344,7568
1079,3496,7568
1080,3648,7568
1081,3800,7568
1082,3952,7568
1083,4104,7568
1084,4256,7568
1085,4408,7568
1086,4560,7568
1087,4712,7568
1088,4864,7568
1089,5016,7568
1090,5168,7568
1091,5320,7568
1092,5472,7568
1093,5624,7568
1094,5776,7568
1095,5928,7568
1096,6080,7568
1097,6232,7568
1098,6384,7568
1099,6536,7568
1100,6688,7568
1101,6840,7568
1102,6992,7568
1103,7144,7568
1104,7296,7568
1105,7448,7568
1106,7600,7568
1107,7752,7568
1108,7904,7568
1109,8056,7568
1110,8208,7568
1111,8360,7568
1112,8512,7568
1113,8664,7568
1114,8816,7568
1115,8968,7568
1116,9120,7568
1117,9272,7568
1118,9424,7568
1119,9576,7568
1120,9728,7568
1121,9880,7568
1122,0,7416
1123,152,7416
1124,304,7416
1125,456,7416
1126,608,7416
1127,760,7416
1128,912,7416
1129,1064,7416
1130,1216,7416
1131,1368,7416
1132,1520,7416
1133,1672,7416
1134,1824,7416
1135,1976,7416
1136,2128,7416
1137,2280,7416
1138,2432,7416
1139,2584,7416
1140,2736,7416
1141,2888,7416
1142,3040,7416
1143,3192,7416
1144,3344,7416
1145,3496,7416
1146,3648,7416
1147,3800,7416
1148,3952,7416
1149,4104,7416
1150,4256,7416
1151,4408,7416
1152,4560,7416
1153,4712,7416
1154,4864,7416
1155,5016,7416
1156,5168,7416
1157,5320,7416
1158,5472,7416
1159,5624,7416
1160,5776,7416
1161,5928,7416
1162,6080,7416
1163,6232,7416
1164,6384,7416
1165,6536,7416
1166,6688,7416
1167,6840,7416
1168,6992,7416
1169,7144,7416
1170,7296,7416
1171,7448,7416
1172,7600,7416
1173,7752,7416
1174,7904,7416
1175,8056,7416
1176,8208,7416
1177,8360,7416
1178,8512,7416
1179,8664,7416
1180,8816,7416
1181,8968,7416
1182,9120,7416
1183,9272,7416
1184,9424,7416
1185,9576,7416
1186,9728,7416
1187,9880,7416
1188,0,7264
1189,152,7264
1190,304,7264
1191,456,7264
1192,608,7264
1193,760,7264
1194,912,7264
1195,1064,7264
1196,1216,7264
1197,1368,7264
1198,1520,7264
1199,1672,7264
1200,1824,7264
1201,1976,7264
1202,2128,7264
1203,2280,7264
1204,2432,7264
1205,2584,7264
1206,2736,7264
1207,2888,7264
1208,3040,7264
1209,3192,7264
1210,3344,7264
1211,3496,7264
1212,3648,7264
1213,3800,7264
1214,3952,7264
1215,4104,7264
1216,4256,7264
1217,4408,7264
1218,4560,7264
1219,4712,7264
1220,4864,7264
1221,5016,7264
1222,5168,7264
1223,5320,7264
1224,5472,7264
1225,5624,7264
1226,5776,7264
1227,5928,7264
1228,6080,7264
1229,6232,7264
1230,6384,7264
1231,6536,7264
1232,6688,7264
1233,6840,7264
1234,6992,7264
1235,7144,7264
1236,7296,7264
1237,7448,7264
1238,7600,7264
1239,7752,7264
1240,7904,7264
1241,8056,7264
1242,8208,7264
1243,8360,7264
1244,8512,7264
1245,8664,7264
1246,8816,7264
1247,8968,7264
1248,9120,7264
1249,9272,7264
1250,9424,7264
1251,9576,7264
1252,9728,7264
1253,9880,7264
1254,0,7112
1255,152,7112
1256,304,7112
1257,456,7112
1258,608,7112
1259,760,7112
1260,912,7112
1261,1064,7112
1262,1216,7112
1263,1368,7112
1264,1520,7112
1265,1672,7112
1266,1824,7112
1267,1976,7112
1268,2128,7112
1269,2280,7112
1270,2432,7112
1271,2584,7112
1272,2736,7112
1273,2888,7112
1274,3040,7112
1275,3192,7112
1276,3344,7112
1277,3496,7112
1278,3648,7112
1279,3800,7112
1280,3952,7112
1281,4104,7112
1282,4256,7112
1283,4408,7112
1284,4560,7112
1285,4712,7112
1286,4864,7112
1287,5016,7112
1288,5168,7112
1289,5320,7112
1290,5472,7112
1291,5624,7112
1292,5776,7112
1293,5928,7112
1294,6080,7112
1295,6232,7112
1296,6384,7112
1297,6536,7112
1298,6688,7112
1299,6840,7112
1300,6992,7112
1301,7144,7112
1302,7296,7112
1303,7448,7112
1304,7600,7112
1305,7752,7112
1306,7904,7112
1307,8056,7112
1308,8208,7112
1309,8360,7112
1310,8512,7112
1311,8664,7112
1312,8816,7112
1313,8968,7112
1314,9120,7112
1315,9272,7112
1316,9424,7112
1317,9576,7112
1318,9728,7112
1319,9880,7112
1320,0,6960
1321,152,6960
1322,304,6960
1323,456,6960
1324,608,6960
1325,760,6960
1326,912,6960
1327,1064,6960
1328,1216,6960
1329,1368,6960
1330,1520,6960
1331,1672,6960
1332,1824,6960
1333,1976,6960
1334,2128,6960
1335,2280,6960
1336,2432,6960
1337,2584,6960
1338,2736,6960
1339,2888,6960
1340,3040,6960
1341,3192,6960
1342,3344,6960
1343,3496,6960
1344,3648,6960
1345,3800,6960
1346,3952,6960
1347,4104,6960
1348,4256,6960
1349,4408,6960
1350,4560,6960
1351,4712,6960
1352,4864,6960
1353,5016,6960
1354,5168,6960
1355,5320,6960
1356,5472,6960
1357,5624,6960
1358,5776,6960
1359,5928,6960
1360,6080,6960
1361,6232,6960
1362,6384,6960
1363,6536,6960
1364,6688,6960
1365,6840,6960
1366,6992,6960
1367,7144,6960
1368,7296,6960
1369,7448,6960
1370,7600,6960
1371,7752,6960
1372,7904,6960
1373,8056,6960
1374,8208,6960
1375,8360,6960
1376,8512,6960
1377,8664,6960
1378,8816,6960
1379,8968,6960
1380,9120,6960
1381,9272,6960
1382,9424,6960
1383,9576,6960
1384,9728,6960
1385,9880,6960
1386,0,6808
1387,152,6808
1388,304,6808
1389,456,6808
1390,608,6808
1391,760,6808
1392,912,6808
1393,1064,6808
1394,1216,6808
1395,1368,6808
1396,1520,6808
1397,1672,6808
1398,1824,6808
1399,1976,6808
1400,2128,6808
1401,2280,6808
1402,2432,6808
1403,2584,6808
1404,2736,6808
1405,2888,6808
1406,3040,6808
1407,3192,6808
1408,3344,6808
1409,3496,6808
1410,3648,6808
1411,3800,6808
1412,3952,6808
1413,4104,6808
1414,4256,6808
1415,4408,6808
1416,4560,6808
1417,4712,6808
1418,4864,6808
1419,5016,6808
1420,5168,6808
1421,5320,6808
1422,5472,6808
1423,5624,6808
1424,5776,6808
1425,5928,6808
1426,6080,6808
1427,6232,6808
1428,6384,6808
1429,6536,6808
1430,6688,6808
1431,6840,6808
1432,6992,6808
1433,7144,6808
1434,7296,6808
1435,7448,6808
1436,7600,6808
1437,7752,6808
1438,7904,6808
1439,8056,6808
1440,8208,6808
1441,8360,6808
1442,8512,6808
1443,8664,6808
1444,8816,6808
1445,8968,6808
1446,9120,6808
1447,9272,6808
1448,9424,6808
1449,9576,6808
1450,9728,6808
1451,9880,6808
1452,0,6656
1453,152,6656
1454,304,6656
1455,456,6656
1456,608,6656
1457,760,6656
1458,912,6656
1459,1064,6656
1460,1216,6656
1461,1368,6656
1462,1520,6656
1463,1672,6656
1464,1824,6656
1465,1976,6656
1466,2128,6656
1467,2280,6656
1468,2432,6656
1469,2584,6656
1470,2736,6656
1471,2888,6656
1472,3040,6656
1473,3192,6656
1474,3344,6656
1475,3496,6656
1476,3648,6656
1477,3800,6656
1478,3952,6656
1479,4104,6656
1480,4256,6656
1481,4408,6656
1482,4560,6656
1483,4712,6656
1484,4864,6656
1485,5016,6656
1486,5168,6656
1487,5320,6656
1488,5472,6656
1489,5624,6656
1490,5776,6656
1491,5928,6656
1492,6080,6656
1493,6232,6656
1494,6384,6656
1495,6536,6656
1496,6688,6656
1497,6840,6656
1498,6992,6656
1499,7144,6656
1500,7296,6656
1501,7448,6656
1502,7600,6656
1503,7752,6656
1504,7904,6656
1505,8056,6656
1506,8208,6656
1507,8360,6656
1508,8512,6656
1509,8664,6656
1510,8816,6656
1511,8968,6656
1512,9120,6656
1513,9272,6656
1514,9424,6656
1515,9576,6656
1516,9728,6656
1517,9880,6656
1518,0,6504
1519,152,6504
1520,304,6504
1521,456,6504
1522,608,6504
1523,760,6504
1524,912,6504
1525,1064,6504
1526,1216,6504
1527,1368,6504
1528,1520,6504
1529,1672,6504
1530,1824,6504
1531,1976,6504
1532,2128,6504
1533,2280,6504
1534,2432,6504
1535,2584,6504
1536,2736,6504
1537,2888,6504
1538,3040,6504
1539,3192,6504
1540,3344,6504
1541,3496,6504
1542,3648,6504
1543,3800,6504
1544,3952,6504
1545,4104,6504
1546,4256,6504
1547,4408,6504
1548,4560,6504
1549,4712,6504
1550,4864,6504
1551,5016,6504
1552,5168,6504
1553,5320,6504
1554,5472,6504
1555,5624,6504
1556,5776,6504
1557,5928,6504
1558,6080,6504
1559,6232,6504
1560,6384,6504
1561,6536,6504
1562,6688,6504
1563,6840,6504
1564,6992,6504
1565,7144,6504
1566,7296,6504
1567,7448,6504
1568,7600,6504
1569,7752,6504
1570,7904,6504
1571,8056,6504
1572,8208,6504
1573,8360,6504
1574,8512,6504
1575,8664,6504
1576,8816,6504
1577,8968,6504
1578,9120,6504
1579,9272,6504
1580,9424,6504
1581,9576,6504
1582,9728,6504
1583,9880,6504
1584,0,6352
1585,152,6352
1586,304,6352
1587,456,6352
1588,608,6352
1589,760,6352
1590,912,6352
1591,1064,6352
1592,1216,6352
1593,1368,6352
1594,1520,6352
1595,1672,6352
1596,1824,6352
1597,1976,6352
1598,2128,6352
1599,2280,6352
1600,2432,6352
1601,2584,6352
1602,2736,6352
1603,2888,6352
1604,3040,6352
1605,3192,6352
1606,3344,6352
1607,3496,6352
1608,3648,6352
1609,3800,6352
1610,3952,6352
1611,4104,6352
1612,4256,6352
1613,4408,6352
1614,4560,6352
1615,4712,6352
1616,4864,6352
1617,5016,6352
1618,5168,6352
1619,5320,6352
1620,5472,6352
1621,5624,6352
1622,5776,6352
1623,5928,6352
1624,6080,6352
1625,6232,6352
1626,6384,6352
1627,6536,6352
1628,6688,6352
1629,6840,6352
1630,6992,6352
1631,7144,6352
1632,7296,6352
1633,7448,6352
1634,7600,6352
1635,7752,6352
1636,7904,6352
1637,8056,6352
1638,8208,6352
1639,8360,6352
1640,8512,6352
1641,8664,6352
1642,8816,6352
1643,8968,6352
1644,9120,6352
1645,9272,6352
1646,9424,6352
1647,9576,6352
1648,9728,6352
1649,9880,6352
1650,0,6200
1651,152,6200
1652,304,6200
1653,456,6200
1654,608,6200
1655,760,6200
1656,912,6200
1657,1064,6200
1658,1216,6200
1659,1368,6200
1660,1520,6200
1661,1672,6200
1662,1824,6200
1663,1976,6200
1664,2128,6200
1665,2280,6200
1666,2432,6200
1667,2584,6200
1668,2736,6200
1669,2888,6200
1670,3040,6200
1671,3192,6200
1672,3344,6200
1673,3496,6200
1674,3648,6200
1675,3800,6200
1676,3952,6200
1677,4104,6200
1678,4256,6200
1679,4408,6200
1680,4560,6200
1681,4712,6200
1682,4864,6200
1683,5016,6200
1684,5168,6200
1685,5320,6200
1686,5472,6200
1687,5624,6200
1688,5776,6200
1689,5928,6200
1690,6080,6200
1691,6232,6200
1692,6384,6200
1693,6536,6200
1694,6688,6200
1695,6840,6200
1696,6992,6200
1697,7144,6200
1698,7296,6200
1699,7448,6200
1700,7600,6200
1701,7752,6200
1702,7904,6200
1703,8056,6200
1704,8208,6200
1705,8360,6200
1706,8512,6200
1707,8664,6200
1708,8816,6200
1709,8968,6200
1710,9120,6200
1711,9272,6200
1712,9424,6200
1713,9576,6200
1714,9728,6200
1715,9880,6200
1716,0,6048
1717,152,6048
1718,304,6048
1719,456,6048
1720,608,6048
1721,760,6048
1722,912,6048
1723,1064,6048
1724,1216,6048
1725,1368,6048
1726,1520,6048
1727,1672,6048
1728,1824,6048
1729,1976,6048
1730,2128,6048
1731,2280,6048
1732,2432,6048
1733,2584,6048
1734,2736,6048
1735,2888,6048
1736,3040,6048
1737,3192,6048
1738,3344,6048
1739,3496,6048
1740,3648,6048
1741,3800,6048
1742,3952,6048
1743,4104,6048
1744,4256,6048
1745,4408,6048
1746,4560,6048
1747,4712,6048
1748,4864,6048
1749,5016,6048
1750,5168,6048
1751,5320,6048
1752,5472,6048
1753,5624,6048
1754,5776,6048
1755,5928,6048
1756,6080,6048
1757,6232,6048
1758,6384,6048
1759,6536,6048
1760,6688,6048
1761,6840,6048
1762,6992,6048
1763,7144,6048
1764,7296,6048
1765,7448,6048
1766,7600,6048
1767,7752,6048
1768,7904,6048
1769,8056,6048
1770,8208,6048
1771,8360,6048
1772,8512,6048
1773,8664,6048
1774,8816,6048
1775,8968,6048
1776,9120,6048
1777,9272,6048
1778,9424,6048
1779,9576,6048
1780,9728,6048
1781,9880,6048
1782,0,5896
1783,152,5896
1784,304,5896
1785,456,5896
1786,608,5896
1787,760,5896
1788,912,5896
1789,1064,5896
1790,1216,5896
1791,1368,5896
1792,1520,5896
1793,1672,5896
1794,1824,5896
1795,1976,5896
1796,2128,5896
1797,2280,5896
1798,2432,5896
1799,2584,5896
1800,2736,5896
1801,2888,5896
1802,3040,5896
1803,3192,5896
1804,3344,5896
1805,3496,5896
1806,3648,5896
1807,3800,5896
1808,3952,5896
1809,4104,5896
1810,4256,5896
1811,4408,5896
1812,4560,5896
1813,4712,5896
1814,4864,5896
1815,5016,5896
1816,5168,5896
1817,5320,5896
1818,5472,5896
1819,5624,5896
1820,5776,5896
1821,5928,5896
1822,6080,5896
1823,6232,5896
1824,6384,5896
1825,6536,5896
1826,6688,5896
1827,6840,5896
1828,6992,5896
1829,7144,5896
1830,7296,5896
1831,7448,5896
1832,7600,5896
1833,7752,5896
1834,7904,5896
1835,8056,5896
1836,8208,5896
1837,8360,5896
1838,8512,5896
1839,8664,5896
1840,8816,5896
1841,8968,5896
1842,9120,5896
1843,9272,5896
1844,9424,5896
1845,9576,5896
1846,9728,5896
1847,9880,5896
1848,0,5744
1849,152,5744
1850,304,5744
1851,456,5744
1852,608,5744
1853,760,5744
1854,912,5744
1855,1064,5744
1856,1216,5744
1857,1368,5744
1858,1520,5744
1859,1672,5744
1860,1824,5744
1861,1976,5744
1862,2128,5744
1863,2280,5744
1864,2432,5744
1865,2584,5744
1866,2736,5744
1867,2888,5744
1868,3040,5744
1869,3192,5744
1870,3344,5744
1871,3496,5744
1872,3648,5744
1873,3800,5744
1874,3952,5744
1875,4104,5744
1876,4256,5744
1877,4408,5744
1878,4560,5744
1879,4712,5744
1880,4864,5744
1881,5016,5744
1882,5168,5744
1883,5320,5744
1884,5472,5744
1885,5624,5744
1886,5776,5744
1887,5928,5744
1888,6080,5744
1889,6232,5744
1890,6384,5744
1891,6536,5744
1892,6688,5744
1893,6840,5744
1894,6992,5744
1895,7144,5744
1896,7296,5744
1897,7448,5744
1898,7600,5744
1899,7752,5744
1900,7904,5744
1901,8056,5744
1902,8208,5744
1903,8360,5744
1904,8512,5744
1905,8664,5744
1906,8816,5744
1907,8968,5744
1908,9120,5744
1909,9272,5744
1910,9424,5744
1911,9576,5744
1912,9728,5744
1913,9880,5744
1914,0,5592
1915,152,5592
1916,304,5592
1917,456,5592
1918,608,5592
1919,760,5592
1920,912,5592
1921,1064,5592
1922,1216,5592
1923,1368,5592
1924,1520,5592
1925,1672,5592
1926,1824,5592
1927,1976,5592
1928,2128,5592
1929,2280,5592
1930,2432,5592
1931,2584,5592
1932,2736,5592
1933,2888,5592
1934,3040,5592
1935,3192,5592
1936,3344,5592
1937,3496,5592
1938,3648,5592
1939,3800,5592
1940,3952,5592
1941,4104,5592
1942,4256,5592
1943,4408,5592
1944,4560,5592
1945,4712,5592
1946,4864,5592
1947,5016,5592
1948,5168,5592
1949,5320,5592
1950,5472,5592
1951,5624,5592
1952,5776,5592
1953,5928,5592
1954,6080,5592
1955,6232,5592
1956,6384,5592
1957,6536,5592
1958,6688,5592
1959,6840,5592
1960,6992,5592
1961,7144,5592
1962,7296,5592
1963,7448,5592
1964,7600,5592
1965,7752,5592
1966,7904,5592
1967,8056,5592
1968,8208,5592
1969,8360,5592
1970,8512,5592
1971,8664,5592
1972,8816,5592
1973,8968,5592
1974,9120,5592
1975,9272,5592
1976,9424,5592
1977,9576,5592
1978,9728,5592
1979,9880,5592
1980,0,5440
1981,152,5440
1982,304,5440
1983,456,5440
1984,608,5440
1985,760,5440
1986,912,5440
1987,1064,5440
1988,1216,5440
1989,1368,5440
1990,1520,5440
1991,1672,5440
1992,1824,5440
1993,1976,5440
1994,2128,5440
1995,2280,5440
1996,2432,5440
1997,2584,5440
1998,2736,5440
1999,2888,5440
2000,3040,5440
2001,3192,5440
2002,3344,5440
2003,3496,5440
2004,3648,5440
2005,3800,5440
2006,3952,5440
2007,4104,5440
2008,4256,5440
2009,4408,5440
2010,4560,5440
2011,4712,5440
2012,4864,5440
2013,5016,5440
2014,5168,5440
2015,5320,5440
2016,5472,5440
2017,5624,5440
2018,5776,5440
2019,5928,5440
2020,6080,5440
2021,6232,5440
2022,6384,5440
2023,6536,5440
2024,6688,5440
2025,6840,5440
2026,6992,5440
2027,7144,5440
2028,7296,5440
2029,7448,5440
2030,7600,5440
2031,7752,5440
2032,7904,5440
2033,8056,5440
2034,8208,5440
2035,8360,5440
2036,8512,5440
2037,8664,5440
2038,8816,5440
2039,8968,5440
2040,9120,5440
2041,9272,5440
2042,9424,5440
2043,9576,5440
2044,9728,5440
2045,9880,5440
2046,0,5288
2047,152,5288
2048,304,5288
2049,456,5288
2050,608,5288
2051,760,5288
2052,912,5288
2053,1064,5288
2054,1216,5288
2055,1368,5288
2056,1520,5288
2057,1672,5288
2058,1824,5288
2059,1976,5288
2060,2128,5288
2061,2280,5288
2062,2432,5288
2063,2584,5288
2064,2736,5288
2065,2888,5288
2066,3040,5288
2067,3192,5288
2068,3344,5288
2069,3496,5288
2070,3648,5288
2071,3800,5288
2072,3952,5288
2073,4104,5288
2074,4256,5288
2075,4408,5288
2076,4560,5288
2077,4712,5288
2078,4864,5288
2079,5016,5288
2080,5168,5288
2081,5320,5288
2082,5472,5288
2083,5624,5288
2084,5776,5288
2085,5928,5288
2086,6080,5288
2087,6232,5288
2088,6384,5288
2089,6536,5288
2090,6688,5288
2091,6840,5288
2092,6992,5288
2093,7144,5288
2094,7296,5288
2095,7448,5288
2096,7600,5288
2097,7752,5288
2098,7904,5288
2099,8056,5288
2100,8208,5288
2101,8360,5288
2102,8512,5288
2103,8664,5288
2104,8816,5288
2105,8968,5288
2106,9120,5288
2107,9272,5288
2108,9424,5288
2109,9576,5288
2110,9728,5288
2111,9880,5288
2112,0,5136
2113,152,5136
2114,304,5136
2115,456,5136
2116,608,5136
2117,760,5136
2118,912,5136
2119,1064,5136
2120,1216,5136
2121,1368,5136
2122,1520,5136
2123,1672,5136
2124,1824,5136
2125,1976,5136
2126,2128,5136
2127,2280,5136
2128,2432,5136
2129,2584,5136
2130,2736,5136
2131,2888,5136
2132,3040,5136
2133,3192,5136
2134,3344,5136
2135,3496,5136
2136,3648,5136
2137,3800,5136
2138,3952,5136
2139,4104,5136
2140,4256,5136
2141,4408,5136
2142,4560,5136
2143,4712,5136
2144,4864,5136
2145,5016,5136
2146,5168,5136
2147,5320,5136
2148,5472,5136
2149,5624,5136
2150,5776,5136
2151,5928,5136
2152,6080,5136
2153,6232,5136
2154,6384,5136
2155,6536,5136
2156,6688,5136
2157,6840,5136
2158,6992,5136
2159,7144,5136
2160,7296,5136
2161,7448,5136
2162,7600,5136
2163,7752,5136
2164,7904,5136
2165,8056,5136
2166,8208,5136
2167,8360,5136
2168,8512,5136
2169,8664,5136
2170,8816,5136
2171,8968,5136
2172,9120,5136
2173,9272,5136
2174,9424,5136
2175,9576,5136
2176,9728,5136
2177,9880,5136
2178,0,4984
2179,152,4984
2180,304,4984
2181,456,4984
2182,608,4984
2183,760,4984
2184,912,4984
2185,1064,4984
2186,1216,4984
2187,1368,4984
2188,1520,4984
2189,1672,4984
2190,1824,4984
2191,1976,4984
2192,2128,4984
2193,2280,4984
2194,2432,4984
2195,2584,4984
2196,2736,4984
2197,2888,4984
2198,3040,4984
2199,3192,4984
2200,3344,4984
2201,3496,4984
2202,3648,4984
2203,3800,4984
2204,3952,4984
2205,4104,4984
2206,4256,4984
2207,4408,4984
2208,4560,4984
2209,4712,4984
2210,4864,4984
2211,5016,4984
2212,5168,4984
2213,5320,4984
2214,5472,4984
2215,5624,4984
2216,5776,4984
2217,5928,4984
2218,6080,4984
2219,6232,4984
2220,6384,4984
2221,6536,4984
2222,6688,4984
2223,6840,4984
2224,6992,4984
2225,7144,4984
2226,7296,4984
2227,7448,4984
2228,7600,4984
2229,7752,4984
2230,7904,4984
2231,8056,4984
2232,8208,4984
2233,8360,4984
2234,8512,4984
2235,8664,4984
2236,8816,4984
2237,8968,4984
2238,9120,4984
2239,9272,4984
2240,9424,4984
2241,9576,4984
2242,9728,4984
2243,9880,4984
2244,0,4832
2245,152,4832
2246,304,4832
2247,456,4832
2248,608,4832
2249,760,4832
2250,912,4832
2251,1064,4832
2252,1216,4832
2253,1368,4832
2254,1520,4832
2255,1672,4832
2256,1824,4832
2257,1976,4832
2258,2128,4832
2259,2280,4832
2260,2432,4832
2261,2584,4832
2262,2736,4832
2263,2888,4832
2264,3040,4832
2265,3192,4832
2266,3344,4832
2267,3496,4832
2268,3648,4832
2269,3800,4832
2270,3952,4832
2271,4104,4832
2272,4256,4832
2273,4408,4832
2274,4560,4832
2275,4712,4832
2276,4864,4832
2277,5016,4832
2278,5168,4832
2279,5320,4832
2280,5472,4832
2281,5624,4832
2282,5776,4832
2283,5928,4832
2284,6080,4832
2285,6232,4832
2286,6384,4832
2287,6536,4832
2288,6688,4832
2289,6840,4832
2290,6992,4832
2291,7144,4832
2292,7296,4832
2293,7448,4832
2294,7600,4832
2295,7752,4832
2296,7904,4832
2297,8056,4832
2298,8208,4832
2299,8360,4832
2300,8512,4832
2301,8664,4832
2302,8816,4832
2303,8968,4832
2304,9120,4832
2305,9272,4832
2306,9424,4832
2307,9576,4832
2308,9728,4832
2309,9880,4832
2310,0,4680
2311,152,4680
2312,304,4680
2313,456,4680
2314,608,4680
2315,760,4680
2316,912,4680
2317,1064,4680
2318,1216,4680
2319,1368,4680
2320,1520,4680
2321,1672,4680
2322,1824,4680
2323,1976,4680
2324,2128,4680
2325,2280,4680
2326,2432,4680
2327,2584,4680
2328,2736,4680
2329,2888,4680
2330,3040,4680
2331,3192,4680
2332,3344,4680
2333,3496,4680
2334,3648,4680
2335,3800,4680
2336,3952,4680
2337,4104,4680
2338,4256,4680
2339,4408,4680
2340,4560,4680
2341,4712,4680
2342,4864,4680
2343,5016,4680
2344,5168,4680
2345,5320,4680
2346,5472,4680
2347,5624,4680
2348,5776,4680
2349,5928,4680
2350,6080,4680
2351,6232,4680
2352,6384,4680
2353,6536,4680
2354,6688,4680
2355,6840,4680
2356,6992,4680
2357,7144,4680
2358,7296,4680
2359,7448,4680
2360,7600,4680
2361,7752,4680
2362,7904,4680
2363,8056,4680
2364,8208,4680
2365,8360,4680
2366,8512,4680
2367,8664,4680
2368,8816,4680
2369,8968,4680
2370,9120,4680
2371,9272,4680
2372,9424,4680
2373,9576,4680
2374,9728,4680
2375,9880,4680
2376,0,4528
2377,152,4528
2378,304,4528
2379,456,4528
2380,608,4528
2381,760,4528
2382,912,4528
2383,1064,4528
2384,1216,4528
2385,1368,4528
2386,1520,4528
2387,1672,4528
2388,1824,4528
2389,1976,4528
2390,2128,4528
2391,2280,4528
2392,2432,4528
2393,2584,4528
2394,2736,4528
2395,2888,4528
2396,3040,4528
2397,3192,4528
2398,3344,4528
2399,3496,4528
2400,3648,4528
2401,3800,4528
2402,3952,4528
2403,4104,4528
2404,4256,4528
2405,4408,4528
2406,4560,4528
2407,4712,4528
2408,4864,4528
2409,5016,4528
2410,5168,4528
2411,5320,4528
2412,5472,4528
2413,5624,4528
2414,5776,4528
2415,5928,4528
2416,6080,4528
2417,6232,4528
2418,6384,4528
2419,6536,4528
2420,6688,4528
2421,6840,4528
2422,6992,4528
2423,7144,4528
2424,7296,4528
2425,7448,4528
2426,7600,4528
2427,7752,4528
2428,7904,4528
2429,8056,4528
2430,8208,4528
2431,8360,4528
2432,8512,4528
2433,8664,4528
2434,8816,4528
2435,8968,4528
2436,9120,4528
2437,9272,4528
2438,9424,4528
2439,9576,4528
2440,9728,4528
2441,9880,4528
2442,0,4376
2443,152,4376
2444,304,4376
2445,456,4376
2446,608,4376
2447,760,4376
2448,912,4376
2449,1064,4376
2450,1216,4376
2451,1368,4376
2452,1520,4376
2453,1672,4376
2454,1824,4376
2455,1976,4376
2456,2128,4376
2457,2280,4376
2458,2432,4376
2459,2584,4376
2460,2736,4376
2461,2888,4376
2462,3040,4376
2463,3192,4376
2464,3344,4376
2465,3496,4376
2466,3648,4376
2467,3800,4376
2468,3952,4376
2469,4104,4376
2470,4256,4376
2471,4408,4376
2472,4560,4376
2473,4712,4376
2474,4864,4376
2475,5016,4376
2476,5168,4376
2477,5320,4376
2478,5472,4376
2479,5624,4376
2480,5776,4376
2481,5928,4376
2482,6080,4376
2483,6232,4376
2484,6384,4376
2485,6536,4376
2486,6688,4376
2487,6840,4376
2488,6992,4376
2489,7144,4376
2490,7296,4376
2491,7448,4376
2492,7600,4376
2493,7752,4376
2494,7904,4376
2495,8056,4376
2496,8208,4376
2497,8360,4376
2498,8512,4376
2499,8664,4376
2500,8816,4376
2501,8968,4376
2502,9120,4376
2503,9272,4376
2504,9424,4376
2505,9576,4376
2506,9728,4376
2507,9880,4376
2508,0,4224
2509,152,4224
2510,304,4224
2511,456,4224
2512,608,4224
2513,760,4224
2514,912,4224
2515,1064,4224
2516,1216,4224
2517,1368,4224
2518,1520,4224
2519,1672,4224
2520,1824,4224
2521,1976,4224
2522,2128,4224
2523,2280,4224
2524,2432,4224
2525,2584,4224
2526,2736,4224
2527,2888,4224
2528,3040,4224
2529,3192,4224
2530,3344,4224
2531,3496,4224
2532,3648,4224
2533,3800,4224
2534,3952,4224
2535,4104,4224
2536,4256,4224
2537,4408,4224
2538,4560,4224
2539,4712,4224
2540,4864,4224
2541,5016,4224
2542,5168,4224
2543,5320,4224
2544,5472,4224
2545,5624,4224
2546,5776,4224
2547,5928,4224
2548,6080,4224
2549,6232,4224
2550,6384,4224
2551,6536,4224
2552,6688,4224
2553,6840,4224
2554,6992,4224
2555,7144,4224
2556,7296,4224
2557,7448,4224
2558,7600,4224
2559,7752,4224
2560,7904,4224
2561,8056,4224
2562,8208,4224
2563,8360,4224
2564,8512,4224
2565,8664,4224
2566,8816,4224
2567,8968,4224
2568,9120,4224
2569,9272,4224
2570,9424,4224
2571,9576,4224
2572,9728,4224
2573,9880,4224
2574,0,4072
2575,152,4072
2576,304,4072
2577,456,4072
2578,608,4072
2579,760,4072
2580,912,4072
2581,1064,4072
2582,1216,4072
2583,1368,4072
2584,1520,4072
2585,1672,4072
2586,1824,4072
2587,1976,4072
2588,2128,4072
2589,2280,4072
2590,2432,4072
2591,2584,4072
2592,2736,4072
2593,2888,4072
2594,3040,4072
2595,3192,4072
2596,3344,4072
2597,3496,4072
2598,3648,4072
2599,3800,4072
2600,3952,4072
2601,4104,4072
2602,4256,4072
2603,4408,4072
2604,4560,4072
2605,4712,4072
2606,4864,4072
2607,5016,4072
2608,5168,4072
2609,5320,4072
2610,5472,4072
2611,5624,4072
2612,5776,4072
2613,5928,4072
2614,6080,4072
2615,6232,4072
2616,6384,4072
2617,6536,4072
2618,6688,4072
2619,6840,4072
2620,6992,4072
2621,7144,4072
2622,7296,4072
2623,7448,4072
2624,7600,4072
2625,7752,4072
2626,7904,4072
2627,8056,4072
2628,8208,4072
2629,8360,4072
2630,8512,4072
2631,8664,4072
2632,8816,4072
2633,8968,4072
2634,9120,4072
2635,9272,4072
2636,9424,4072
2637,9576,4072
2638,9728,4072
2639,9880,4072
2640,0,3920
2641,152,3920
2642,304,3920
2643,456,3920
2644,608,3920
2645,760,3920
2646,912,3920
2647,1064,3920
2648,1216,3920
2649,1368,3920
2650,1520,3920
2651,1672,3920
2652,1824,3920
2653,1976,3920
2654,2128,3920
2655,2280,3920
2656,2432,3920
2657,2584,3920
2658,2736,3920
2659,2888,3920
2660,3040,3920
2661,3192,3920
2662,3344,3920
2663,3496,3920
2664,3648,3920
2665,3800,3920
2666,3952,3920
2667,4104,3920
2668,4256,3920
2669,4408,3920
2670,4560,3920
2671,4712,3920
2672,4864,3920
2673,5016,3920
2674,5168,3920
2675,5320,3920
2676,5472,3920
2677,5624,3920
2678,5776,3920
2679,5928,3920
2680,6080,3920
2681,6232,3920
2682,6384,3920
2683,6536,3920
2684,6688,3920
2685,6840,3920
2686,6992,3920
2687,7144,3920
2688,7296,3920
2689,7448,3920
2690,7600,3920
2691,7752,3920
2692,7904,3920
2693,8056,3920
2694,8208,3920
2695,8360,3920
2696,8512,3920
2697,8664,3920
2698,8816,3920
2699,8968,3920
2700,9120,3920
2701,9272,3920
2702,9424,3920
2703,9576,3920
2704,9728,3920
2705,9880,3920
2706,0,3768
2707,152,3768
2708,304,3768
2709,456,3768
2710,608,3768
2711,760,3768
2712,912,3768
2713,1064,3768
2714,1216,3768
2715,1368,3768
2716,1520,3768
2717,1672,3768
2718,1824,3768
2719,1976,3768
2720,2128,3768
2721,2280,3768
2722,2432,3768
2723,2584,3768
2724,2736,3768
2725,2888,3768
2726,3040,3768
2727,3192,3768
2728,3344,3768
2729,3496,3768
2730,3648,3768
2731,3800,3768
2732,3952,3768
2733,4104,3768
2734,4256,3768
2735,4408,3768
2736,4560,3768
2737,4712,3768
2738,4864,3768
2739,5016,3768
2740,5168,3768
2741,5320,3768
2742,5472,3768
2743,5624,3768
2744,5776,3768
2745,5928,3768
2746,6080,3768
2747,6232,3768
2748,6384,3768
2749,6536,3768
2750,6688,3768
2751,6840,3768
2752,6992,3768
2753,7144,3768
2754,7296,3768
2755,7448,3768
2756,7600,3768
2757,7752,3768
2758,7904,3768
2759,8056,3768
2760,8208,3768
2761,8360,3768
2762,8512,3768
2763,8664,3768
2764,8816,3768
2765,8968,3768
2766,9120,3768
2767,9272,3768
2768,9424,3768
2769,9576,3768
2770,9728,3768
2771,9880,3768
2772,0,3616
2773,152,3616
2774,304,3616
2775,456,3616
2776,608,3616
2777,760,3616
2778,912,3616
2779,1064,3616
2780,1216,3616
2781,1368,3616
2782,1520,3616
2783,1672,3616
2784,1824,3616
2785,1976,3616
2786,2128,3616
2787,2280,3616
2788,2432,3616
2789,2584,3616
2790,2736,3616
2791,2888,3616
2792,3040,3616
2793,3192,3616
2794,3344,3616
2795,3496,3616
2796,3648,3616
2797,3800,3616
2798,3952,3616
2799,4104,3616
2800,4256,3616
2801,4408,3616
2802,4560,3616
2803,4712,3616
2804,4864,3616
2805,5016,3616
2806,5168,3616
2807,5320,3616
2808,5472,3616
2809,5624,3616
2810,5776,3616
2811,5928,3616
2812,6080,3616
2813,6232,3616
2814,6384,3616
2815,6536,3616
2816,6688,3616
2817,6840,3616
2818,6992,3616
2819,7144,3616
2820,7296,3616
2821,7448,3616
2822,7600,3616
2823,7752,3616
2824,7904,3616
2825,8056,3616
2826,8208,3616
2827,8360,3616
2828,8512,3616
2829,8664,3616
2830,8816,3616
2831,8968,3616
2832,9120,3616
2833,9272,3616
2834,9424,3616
2835,9576,3616
2836,9728,3616
2837,9880,3616
2838,0,3464
2839,152,3464
2840,304,3464
2841,456,3464
2842,608,3464
2843,760,3464
2844,912,3464
2845,1064,3464
2846,1216,3464
2847,1368,3464
2848,1520,3464
2849,1672,3464
2850,1824,3464
2851,1976,3464
2852,2128,3464
2853,2280,3464
2854,2432,3464
2855,2584,3464
2856,2736,3464
2857,2888,3464
2858,3040,3464
2859,3192,3464
2860,3344,3464
2861,3496,3464
2862,3648,3464
2863,3800,3464
2864,3952,3464
2865,4104,3464
2866,4256,3464
2867,4408,3464
2868,4560,3464
2869,4712,3464
2870,4864,3464
2871,5016,3464
2872,5168,3464
2873,5320,3464
2874,5472,3464
2875,5624,3464
2876,5776,3464
2877,5928,3464
2878,6080,3464
2879,6232,3464
2880,6384,3464
2881,6536,3464
2882,6688,3464
2883,6840,3464
2884,6992,3464
2885,7144,3464
2886,7296,3464
2887,7448,3464
2888,7600,3464
2889,7752,3464
2890,7904,3464
2891,8056,3464
2892,8208,3464
2893,8360,3464
2894,8512,3464
2895,8664,3464
2896,8816,3464
2897,8968,3464
2898,9120,3464
2899,9272,3464
2900,9424,3464
2901,9576,3464
2902,9728,3464
2903,9880,3464
2904,0,3312
2905,152,3312
2906,304,3312
2907,456,3312
2908,608,3312
2909,760,3312
2910,912,3312
2911,1064,3312
2912,1216,3312
2913,1368,3312
2914,1520,3312
2915,1672,3312
2916,1824,3312
2917,1976,3312
2918,2128,3312
2919,2280,3312
2920,2432,3312
2921,2584,3312
2922,2736,3312
2923,2888,3312
2924,3040,3312
2925,3192,3312
2926,3344,3312
2927,3496,3312
2928,3648,3312
2929,3800,3312
2930,3952,3312
2931,4104,3312
2932,4256,3312
2933,4408,3312
2934,4560,3312
2935,4712,3312
2936,4864,3312
2937,5016,3312
2938,5168,3312
2939,5320,3312
2940,5472,3312
2941,5624,3312
2942,5776,3312
2943,5928,3312
2944,6080,3312
2945,6232,3312
2946,6384,3312
2947,6536,3312
2948,6688,3312
2949,6840,3312
2950,6992,3312
2951,7144,3312
2952,7296,3312
2953,7448,3312
2954,7600,3312
2955,7752,3312
2956,7904,3312
2957,8056,3312
2958,8208,3312
2959,8360,3312
2960,8512,3312
2961,8664,3312
2962,8816,3312
2963,8968,3312
2964,9120,3312
2965,9272,3312
2966,9424,3312
2967,9576,3312
2968,9728,3312
2969,9880,3312
2970,0,3160
2971,152,3160
2972,304,3160
2973,456,3160
2974,608,3160
2975,760,3160
2976,912,3160
2977,1064,3160
2978,1216,3160
2979,1368,3160
2980,1520,3160
2981,1672,3160
2982,1824,3160
2983,1976,3160
2984,2128,3160
2985,2280,3160
2986,2432,3160
2987,2584,3160
2988,2736,3160
2989,2888,3160
2990,3040,3160
2991,3192,3160
2992,3344,3160
2993,3496,3160
2994,3648,3160
2995,3800,3160
2996,3952,3160
2997,4104,3160
2998,4256,3160
2999,4408,3160
3000,4560,3160
3001,4712,3160
3002,4864,3160
3003,5016,3160
3004,5168,3160
3005,5320,3160
3006,5472,3160
3007,5624,3160
3008,5776,3160
3009,5928,3160
3010,6080,3160
3011,6232,3160
3012,6384,3160
3013,6536,3160
3014,6688,3160
3015,6840,3160
3016,6992,3160
3017,7144,3160
3018,7296,3160
3019,7448,3160
3020,7600,3160
3021,7752,3160
3022,7904,3160
3023,8056,3160
3024,8208,3160
3025,8360,3160
3026,8512,3160
3027,8664,3160
3028,8816,3160
3029,8968,3160
3030,9120,3160
3031,9272,3160
3032,9424,3160
3033,9576,3160
3034,9728,3160
3035,9880,3160
3036,0,3008
3037,152,3008
3038,304,3008
3039,456,3008
3040,608,3008
3041,760,3008
3042,912,3008
3043,1064,3008
3044,1216,3008
3045,1368,3008
3046,1520,3008
3047,1672,3008
3048,1824,3008
3049,1976,3008
3050,2128,3008
3051,2280,3008
3052,2432,3008
3053,2584,3008
3054,2736,3008
3055,2888,3008
3056,3040,3008
3057,3192,3008
3058,3344,3008
3059,3496,3008
3060,3648,3008
3061,3800,3008
3062,3952,3008
3063,4104,3008
3064,4256,3008
3065,4408,3008
3066,4560,3008
3067,4712,3008
3068,4864,3008
3069,5016,3008
3070,5168,3008
3071,5320,3008
3072,5472,3008
3073,5624,3008
3074,5776,3008
3075,5928,3008
3076,6080,3008
3077,6232,3008
3078,6384,3008
3079,6536,3008
3080,6688,3008
3081,6840,3008
3082,6992,3008
3083,7144,3008
3084,7296,3008
3085,7448,3008
3086,7600,3008
3087,7752,3008
3088,7904,3008
3089,8056,3008
3090,8208,3008
3091,8360,3008
3092,8512,3008
3093,8664,3008
3094,8816,3008
3095,8968,3008
3096,9120,3008
3097,9272,3008
3098,9424,3008
3099,9576,3008
3100,9728,3008
3101,9880,3008
3102,0,2856
3103,152,2856
3104,304,2856
3105,456,2856
3106,608,2856
3107,760,2856
3108,912,2856
3109,1064,2856
3110,1216,2856
3111,1368,2856
3112,1520,2856
3113,1672,2856
3114,1824,2856
3115,1976,2856
3116,2128,2856
3117,2280,2856
3118,2432,2856
3119,2584,2856
3120,2736,2856
3121,2888,2856
3122,3040,2856
3123,3192,2856
3124,3344,2856
3125,3496,2856
3126,3648,2856
3127,3800,2856
3128,3952,2856
3129,4104,2856
3130,4256,2856
3131,4408,2856
3132,4560,2856
3133,4712,2856
3134,4864,2856
3135,5016,2856
3136,5168,2856
3137,5320,2856
3138,5472,2856
3139,5624,2856
3140,5776,2856
3141,5928,2856
3142,6080,2856
3143,6232,2856
3144,6384,2856
3145,6536,2856
3146,6688,2856
3147,6840,2856
3148,6992,2856
3149,7144,2856
3150,7296,2856
3151,7448,2856
3152,7600,2856
3153,7752,2856
3154,7904,2856
3155,8056,2856
3156,8208,2856
3157,8360,2856
3158,8512,2856
3159,8664,2856
3160,8816,2856
3161,8968,2856
3162,9120,2856
3163,9272,2856
3164,9424,2856
3165,9576,2856
3166,9728,2856
3167,9880,2856
3168,0,2704
3169,152,2704
3170,304,2704
3171,456,2704
3172,608,2704
3173,760,2704
3174,912,2704
3175,1064,2704
3176,1216,2704
3177,1368,2704
3178,1520,2704
3179,1672,2704
3180,1824,2704
3181,1976,2704
3182,2128,2704
3183,2280,2704
3184,2432,2704
3185,2584,2704
3186,2736,2704
3187,2888,2704
3188,3040,2704
3189,3192,2704
3190,3344,2704
3191,3496,2704
3192,3648,2704
3193,3800,2704
3194,3952,2704
3195,4104,2704
3196,4256,2704
3197,4408,2704
3198,4560,2704
3199,4712,2704
3200,4864,2704
3201,5016,2704
3202,5168,2704
3203,5320,2704
3204,5472,2704
3205,5624,2704
3206,5776,2704
3207,5928,2704
3208,6080,2704
3209,6232,2704
3210,6384,2704
3211,6536,2704
3212,6688,2704
3213,6840,2704
3214,6992,2704
3215,7144,2704
3216,7296,2704
3217,7448,2704
3218,7600,2704
3219,7752,2704
3220,7904,2704
3221,8056,2704
3222,8208,2704
3223,8360,2704
3224,8512,2704
3225,8664,2704
3226,8816,2704
3227,8968,2704
3228,9120,2704
3229,9272,2704
3230,9424,2704
3231,9576,2704
3232,9728,2704
3233,9880,2704
3234,0,2552
3235,152,2552
3236,304,2552
3237,456,2552
3238,608,2552
3239,760,2552
3240,912,2552
3241,1064,2552
3242,1216,2552
3243,1368,2552
3244,1520,2552
3245,1672,2552
3246,1824,2552
3247,1976,2552
3248,2128,2552
3249,2280,2552
3250,2432,2552
3251,2584,2552
3252,2736,2552
3253,2888,2552
3254,3040,2552
3255,3192,2552
3256,3344,2552
3257,3496,2552
3258,3648,2552
3259,3800,2552
3260,3952,2552
3261,4104,2552
3262,4256,2552
3263,4408,2552
3264,4560,2552
3265,4712,2552
3266,4864,2552
3267,5016,2552
3268,5168,2552
3269,5320,2552
3270,5472,2552
3271,5624,2552
3272,5776,2552
3273,5928,2552
3274,6080,2552
3275,6232,2552
3276,6384,2552
3277,6536,2552
3278,6688,2552
3279,6840,2552
3280,6992,2552
3281,7144,2552
3282,7296,2552
3283,7448,2552
3284,7600,2552
3285,7752,2552
3286,7904,2552
3287,8056,2552
3288,8208,2552
3289,8360,2552
3290,8512,2552
3291,8664,2552
3292,8816,2552
3293,8968,2552
3294,9120,2552
3295,9272,2552
3296,9424,2552
3297,9576,2552
3298,9728,2552
3299,9880,2552
3300,0,2400
3301,152,2400
3302,304,2400
3303,456,2400
3304,608,2400
3305,760,2400
3306,912,2400
3307,1064,2400
3308,1216,2400
3309,1368,2400
3310,1520,2400
3311,1672,2400
3312,1824,2400
3313,1976,2400
3314,2128,2400
3315,2280,2400
3316,2432,2400
3317,2584,2400
3318,2736,2400
3319,2888,2400
3320,3040,2400
3321,3192,2400
3322,3344,2400
3323,3496,2400
3324,3648,2400
3325,3800,2400
3326,3952,2400
3327,4104,2400
3328,4256,2400
3329,4408,2400
3330,4560,2400
3331,4712,2400
3332,4864,2400
3333,5016,2400
3334,5168,2400
3335,5320,2400
3336,5472,2400
3337,5624,2400
3338,5776,2400
3339,5928,2400
3340,6080,2400
3341,6232,2400
3342,6384,2400
3343,6536,2400
3344,6688,2400
3345,6840,2400
3346,6992,2400
3347,7144,2400
3348,7296,2400
3349,7448,2400
3350,7600,2400
3351,7752,2400
3352,7904,2400
3353,8056,2400
3354,8208,2400
3355,8360,2400
3356,8512,2400
3357,8664,2400
3358,8816,2400
3359,8968,2400
3360,9120,2400
3361,9272,2400
3362,9424,2400
3363,9576,2400
3364,9728,2400
3365,9880,2400
3366,0,2248
3367,152,2248
3368,304,2248
3369,456,2248
3370,608,2248
3371,760,2248
3372,912,2248
3373,1064,2248
3374,1216,2248
3375,1368,2248
3376,1520,2248
3377,1672,2248
3378,1824,2248
3379,1976,2248
3380,2128,2248
3381,2280,2248
3382,2432,2248
3383,2584,2248
3384,2736,2248
3385,2888,2248
3386,3040,2248
3387,3192,2248
3388,3344,2248
3389,3496,2248
3390,3648,2248
3391,3800,2248
3392,3952,2248
3393,4104,2248
3394,4256,2248
3395,4408,2248
3396,4560,2248
3397,4712,2248
3398,4864,2248
3399,5016,2248
3400,5168,2248
3401,5320,2248
3402,5472,2248
3403,5624,2248
3404,5776,2248
3405,5928,2248
3406,6080,2248
3407,6232,2248
3408,6384,2248
3409,6536,2248
3410,6688,2248
3411,6840,2248
3412,6992,2248
3413,7144,2248
3414,7296,2248
3415,7448,2248
3416,7600,2248
3417,7752,2248
3418,7904,2248
3419,8056,2248
3420,8208,2248
3421,8360,2248
3422,8512,2248
3423,8664,2248
3424,8816,2248
3425,8968,2248
3426,9120,2248
3427,9272,2248
3428,9424,2248
3429,9576,2248
3430,9728,2248
3431,9880,2248
3432,0,2096
3433,152,2096
3434,304,2096
3435,456,2096
3436,608,2096
3437,760,2096
3438,912,2096
3439,1064,2096
3440,1216,2096
3441,1368,2096
3442,1520,2096
3443,1672,2096
3444,1824,2096
3445,1976,2096
3446,2128,2096
3447,2280,2096
3448,2432,2096
3449,2584,2096
3450,2736,2096
3451,2888,2096
3452,3040,2096
3453,3192,2096
3454,3344,2096
3455,3496,2096
3456,3648,2096
3457,3800,2096
3458,3952,2096
3459,4104,2096
3460,4256,2096
3461,4408,2096
3462,4560,2096
3463,4712,2096
3464,4864,2096
3465,5016,2096
3466,5168,2096
3467,5320,2096
3468,5472,2096
3469,5624,2096
3470,5776,2096
3471,5928,2096
3472,6080,2096
3473,6232,2096
3474,6384,2096
3475,6536,2096
3476,6688,2096
3477,6840,2096
3478,6992,2096
3479,7144,2096
3480,7296,2096
3481,7448,2096
3482,7600,2096
3483,7752,2096
3484,7904,2096
3485,8056,2096
3486,8208,2096
3487,8360,2096
3488,8512,2096
3489,8664,2096
3490,8816,2096
3491,8968,2096
3492,9120,2096
3493,9272,2096
3494,9424,2096
3495,9576,2096
3496,9728,2096
3497,9880,2096
3498,0,1944
3499,152,1944
3500,304,1944
3501,456,1944
3502,608,1944
3503,760,1944
3504,912,1944
3505,1064,1944
3506,1216,1944
3507,1368,1944
3508,1520,1944
3509,1672,1944
3510,1824,1944
3511,1976,1944
3512,2128,1944
3513,2280,1944
3514,2432,1944
3515,2584,1944
3516,2736,1944
3517,2888,1944
3518,3040,1944
3519,3192,1944
3520,3344,1944
3521,3496,1944
3522,3648,1944
3523,3800,1944
3524,3952,1944
3525,4104,1944
3526,4256,1944
3527,4408,1944
3528,4560,1944
3529,4712,1944
3530,4864,1944
3531,5016,1944
3532,5168,1944
3533,5320,1944
3534,5472,1944
3535,5624,1944
3536,5776,1944
3537,5928,1944
3538,6080,1944
3539,6232,1944
3540,6384,1944
3541,6536,1944
3542,6688,1944
3543,6840,1944
3544,6992,1944
3545,7144,1944
3546,7296,1944
3547,7448,1944
3548,7600,1944
3549,7752,1944
3550,7904,1944
3551,8056,1944
3552,8208,1944
3553,8360,1944
3554,8512,1944
3555,8664,1944
3556,8816,1944
3557,8968,1944
3558,9120,1944
3559,9272,1944
3560,9424,1944
3561,9576,1944
3562,9728,1944
3563,9880,1944
3564,0,1792
3565,152,1792
3566,304,1792
3567,456,1792
3568,608,1792
3569,760,1792
3570,912,1792
3571,1064,1792
3572,1216,1792
3573,1368,1792
3574,1520,1792
3575,1672,1792
3576,1824,1792
3577,1976,1792
3578,2128,1792
3579,2280,1792
3580,2432,1792
3581,2584,1792
3582,2736,1792
3583,2888,1792
3584,3040,1792
3585,3192,1792
3586,3344,1792
3587,3496,1792
3588,3648,1792
3589,3800,1792
3590,3952,1792
3591,4104,1792
3592,4256,1792
3593,4408,1792
3594,4560,1792
3595,4712,1792
3596,4864,1792
3597,5016,1792
3598,5168,1792
3599,5320,1792
3600,5472,1792
3601,5624,1792
3602,5776,1792
3603,5928,1792
3604,6080,1792
3605,6232,1792
3606,6384,1792
3607,6536,1792
3608,6688,1792
3609,6840,1792
3610,6992,1792
3611,7144,1792
3612,7296,1792
3613,7448,1792
3614,7600,1792
3615,7752,1792
3616,7904,1792
3617,8056,1792
3618,8208,1792
3619,8360,1792
3620,8512,1792
3621,8664,1792
3622,8816,1792
3623,8968,1792
3624,9120,1792
3625,9272,1792
3626,9424,1792
3627,9576,1792
3628,9728,1792
3629,9880,1792
3630,0,1640
3631,152,1640
3632,304,1640
3633,456,1640
3634,608,1640
3635,760,1640
3636,912,1640
3637,1064,1640
3638,1216,1640
3639,1368,1640
3640,1520,1640
3641,1672,1640
3642,1824,1640
3643,1976,1640
3644,2128,1640
3645,2280,1640
3646,2432,1640
3647,2584,1640
3648,2736,1640
3649,2888,1640
3650,3040,1640
3651,3192,1640
3652,3344,1640
3653,3496,1640
3654,3648,1640
3655,3800,1640
3656,3952,1640
3657,4104,1640
3658,4256,1640
3659,4408,1640
3660,4560,1640
3661,4712,1640
3662,4864,1640
3663,5016,1640
3664,5168,1640
3665,5320,1640
3666,5472,1640
3667,5624,1640
3668,5776,1640
3669,5928,1640
3670,6080,1640
3671,6232,1640
3672,6384,1640
3673,6536,1640
3674,6688,1640
3675,6840,1640
3676,6992,1640
3677,7144,1640
3678,7296,1640
3679,7448,1640
3680,7600,1640
3681,7752,1640
3682,7904,1640
3683,8056,1640
3684,8208,1640
3685,8360,1640
3686,8512,1640
3687,8664,1640
3688,8816,1640
3689,8968,1640
3690,9120,1640
3691,9272,1640
3692,9424,1640
3693,9576,1640
3694,9728,1640
3695,9880,1640
3696,0,1488
3697,152,1488
3698,304,1488
3699,456,1488
3700,608,1488
3701,760,1488
3702,912,1488
3703,1064,1488
3704,1216,1488
3705,1368,1488
3706,1520,1488
3707,1672,1488
3708,1824,1488
3709,1976,1488
3710,2128,1488
3711,2280,1488
3712,2432,1488
3713,2584,1488
3714,2736,1488
3715,2888,1488
3716,3040,1488
3717,3192,1488
3718,3344,1488
3719,3496,1488
3720,3648,1488
3721,3800,1488
3722,3952,1488
3723,4104,1488
3724,4256,1488
3725,4408,1488
3726,4560,1488
3727,4712,1488
3728,4864,1488
3729,5016,1488
3730,5168,1488
3731,5320,1488
3732,5472,1488
3733,5624,1488
3734,5776,1488
3735,5928,1488
3736,6080,1488
3737,6232,1488
3738,6384,1488
3739,6536,1488
3740,6688,1488
3741,6840,1488
3742,6992,1488
3743,7144,1488
3744,7296,1488
3745,7448,1488
3746,7600,1488
3747,7752,1488
3748,7904,1488
3749,8056,1488
3750,8208,1488
3751,8360,1488
3752,8512,1488
3753,8664,1488
3754,8816,1488
3755,8968,1488
3756,9120,1488
3757,9272,1488
3758,9424,1488
3759,9576,1488
3760,9728,1488
3761,9880,1488
3762,0,1336
3763,152,1336
3764,304,1336
3765,456,1336
3766,608,1336
3767,760,1336
3768,912,1336
3769,1064,1336
3770,1216,1336
3771,1368,1336
3772,1520,1336
3773,1672,1336
3774,1824,1336
3775,1976,1336
3776,2128,1336
3777,2280,1336
3778,2432,1336
3779,2584,1336
3780,2736,1336
3781,2888,1336
3782,3040,1336
3783,3192,1336
3784,3344,1336
3785,3496,1336
3786,3648,1336
3787,3800,1336
3788,3952,1336
3789,4104,1336
3790,4256,1336
3791,4408,1336
3792,4560,1336
3793,4712,1336
3794,4864,1336
3795,5016,1336
3796,5168,1336
3797,5320,1336
3798,5472,1336
3799,5624,1336
3800,5776,1336
3801,5928,1336
3802,6080,1336
3803,6232,1336
3804,6384,1336
3805,6536,1336
3806,6688,1336
3807,6840,1336
3808,6992,1336
3809,7144,1336
3810,7296,1336
3811,7448,1336
3812,7600,1336
3813,7752,1336
3814,7904,1336
3815,8056,1336
3816,8208,1336
3817,8360,1336
3818,8512,1336
3819,8664,1336
3820,8816,1336
3821,8968,1336
3822,9120,1336
3823,9272,1336
3824,9424,1336
3825,9576,1336
3826,9728,1336
3827,9880,1336
3828,0,1184
3829,152,1184
3830,304,1184
3831,456,1184
3832,608,1184
3833,760,1184
3834,912,1184
3835,1064,1184
3836,1216,1184
3837,1368,1184
3838,1520,1184
3839,1672,1184
3840,1824,1184
3841,1976,1184
3842,2128,1184
3843,2280,1184
3844,2432,1184
3845,2584,1184
3846,2736,1184
3847,2888,1184
3848,3040,1184
3849,3192,1184
3850,3344,1184
3851,3496,1184
3852,3648,1184
3853,3800,1184
3854,3952,1184
3855,4104,1184
3856,4256,1184
3857,4408,1184
3858,4560,1184
3859,4712,1184
3860,4864,1184
3861,5016,1184
3862,5168,1184
3863,5320,1184
3864,5472,1184
3865,5624,1184
3866,5776,1184
3867,5928,1184
3868,6080,1184
3869,6232,1184
3870,6384,1184
3871,6536,1184
3872,6688,1184
3873,6840,1184
3874,6992,1184
3875,7144,1184
3876,7296,1184
3877,7448,1184
3878,7600,1184
3879,7752,1184
3880,7904,1184
3881,8056,1184
3882,8208,1184
3883,8360,1184
3884,8512,1184
3885,8664,1184
3886,8816,1184
3887,8968,1184
3888,9120,1184
3889,9272,1184
3890,9424,1184
3891,9576,1184
3892,9728,1184
3893,9880,1184
3894,0,1032
3895,152,1032
3896,304,1032
3897,456,1032
3898,608,1032
3899,760,1032
3900,912,1032
3901,1064,1032
3902,1216,1032
3903,1368,1032
3904,1520,1032
3905,1672,1032
3906,1824,1032
3907,1976,1032
3908,2128,1032
3909,2280,1032
3910,2432,1032
3911,2584,1032
3912,2736,1032
3913,2888,1032
3914,3040,1032
3915,3192,1032
3916,3344,1032
3917,3496,1032
3918,3648,1032
3919,3800,1032
3920,3952,1032
3921,4104,1032
3922,4256,1032
3923,4408,1032
3924,4560,1032
3925,4712,1032
3926,4864,1032
3927,5016,1032
3928,5168,1032
3929,5320,1032
3930,5472,1032
3931,5624,1032
3932,5776,1032
3933,5928,1032
3934,6080,1032
3935,6232,1032
3936,6384,1032
3937,6536,1032
3938,6688,1032
3939,6840,1032
3940,6992,1032
3941,7144,1032
3942,7296,1032
3943,7448,1032
3944,7600,1032
3945,7752,1032
3946,7904,1032
3947,8056,1032
3948,8208,1032
3949,8360,1032
3950,8512,1032
3951,8664,1032
3952,8816,1032
3953,8968,1032
3954,9120,1032
3955,9272,1032
3956,9424,1032
3957,9576,1032
3958,9728,1032
3959,9880,1032
3960,0,880
3961,152,880
3962,304,880
3963,456,880
3964,608,880
3965,760,880
3966,912,880
3967,1064,880
3968,1216,880
3969,1368,880
3970,1520,880
3971,1672,880
3972,1824,880
3973,1976,880
3974,2128,880
3975,2280,880
3976,2432,880
3977,2584,880
3978,2736,880
3979,2888,880
3980,3040,880
3981,3192,880
3982,3344,880
3983,3496,880
3984,3648,880
3985,3800,880
3986,3952,880
3987,4104,880
3988,4256,880
3989,4408,880
3990,4560,880
3991,4712,880
3992,4864,880
3993,5016,880
3994,5168,880
3995,5320,880
3996,5472,880
3997,5624,880
3998,5776,880
3999,5928,880
4000,6080,880
4001,6232,880
4002,6384,880
4003,6536,880
4004,6688,880
4005,6840,880
4006,6992,880
4007,7144,880
4008,7296,880
4009,7448,880
4010,7600,880
4011,7752,880
4012,7904,880
4013,8056,880
4014,8208,880
4015,8360,880
4016,8512,880
4017,8664,880
4018,8816,880
4019,8968,880
4020,9120,880
4021,9272,880
4022,9424,880
4023,9576,880
4024,9728,880
4025,9880,880
4026,0,728
4027,152,728
4028,304,728
4029,456,728
4030,608,728
4031,760,728
4032,912,728
4033,1064,728
4034,1216,728
4035,1368,728
4036,1520,728
4037,1672,728
4038,1824,728
4039,1976,728
4040,2128,728
4041,2280,728
4042,2432,728
4043,2584,728
4044,2736,728
4045,2888,728
4046,3040,728
4047,3192,728
4048,3344,728
4049,3496,728
4050,3648,728
4051,3800,728
4052,3952,728
4053,4104,728
4054,4256,728
4055,4408,728
4056,4560,728
4057,4712,728
4058,4864,728
4059,5016,728
4060,5168,728
4061,5320,728
4062,5472,728
4063,5624,728
4064,5776,728
4065,5928,728
4066,6080,728
4067,6232,728
4068,6384,728
4069,6536,728
4070,6688,728
4071,6840,728
4072,6992,728
4073,7144,728
4074,7296,728
4075,7448,728
4076,7600,728
4077,7752,728
4078,7904,728
4079,8056,728
4080,8208,728
4081,8360,728
4082,8512,728
4083,8664,728
4084,8816,728
4085,8968,728
4086,9120,728
4087,9272,728
4088,9424,728
4089,9576,728
4090,9728,728
4091,9880,728
4092,0,576
4093,152,576
4094,304,576
4095,456,576
4096,608,576
4097,760,576
4098,912,576
4099,1064,576
4100,1216,576
4101,1368,576
4102,1520,576
4103,1672,576
4104,1824,576
4105,1976,576
4106,2128,576
4107,2280,576
4108,2432,576
4109,2584,576
4110,2736,576
4111,2888,576
4112,3040,576
4113,3192,576
4114,3344,576
4115,3496,576
4116,3648,576
4117,3800,576
4118,3952,576
4119,4104,576
4120,4256,576
4121,4408,576
4122,4560,576
4123,4712,576
4124,4864,576
4125,5016,576
4126,5168,576
4127,5320,576
4128,5472,576
4129,5624,576
4130,5776,576
4131,5928,576
4132,6080,576
4133,6232,576
4134,6384,576
4135,6536,576
4136,6688,576
4137,6840,576
4138,6992,576
4139,7144,576
4140,7296,576
4141,7448,576
4142,7600,576
4143,7752,576
4144,7904,576
4145,8056,576
4146,8208,576
4147,8360,576
4148,8512,576
4149,8664,576
4150,8816,576
4151,8968,576
4152,9120,576
4153,9272,576
4154,9424,576
4155,9576,576
4156,9728,576
4157,9880,576
4158,0,424
4159,152,424
4160,304,424
4161,456,424
4162,608,424
4163,760,424
4164,912,424
4165,1064,424
4166,1216,424
4167,1368,424
4168,1520,424
4169,1672,424
4170,1824,424
4171,1976,424
4172,2128,424
4173,2280,424
4174,2432,424
4175,2584,424
4176,2736,424
4177,2888,424
4178,3040,424
4179,3192,424
4180,3344,424
4181,3496,424
4182,3648,424
4183,3800,424
4184,3952,424
4185,4104,424
4186,4256,424
4187,4408,424
4188,4560,424
4189,4712,424
4190,4864,424
4191,5016,424
4192,5168,424
4193,5320,424
4194,5472,424
4195,5624,424
4196,5776,424
4197,5928,424
4198,6080,424
4199,6232,424
4200,6384,424
4201,6536,424
4202,6688,424
4203,6840,424
4204,6992,424
4205,7144,424
4206,7296,424
4207,7448,424
4208,7600,424
4209,7752,424
4210,7904,424
4211,8056,424
4212,8208,424
4213,8360,424
4214,8512,424
4215,8664,424
4216,8816,424
4217,8968,424
4218,9120,424
4219,9272,424
4220,9424,424
4221,9576,424
4222,9728,424
4223,9880,424
4224,0,272
4225,152,272
4226,304,272
4227,456,272
4228,608,272
4229,760,272
4230,912,272
4231,1064,272
4232,1216,272
4233,1368,272
4234,1520,272
4235,1672,272
4236,1824,272
4237,1976,272
4238,2128,272
4239,2280,272
4240,2432,272
4241,2584,272
4242,2736,272
4243,2888,272
4244,3040,272
4245,3192,272
4246,3344,272
4247,3496,272
4248,3648,272
4249,3800,272
4250,3952,272
4251,4104,272
4252,4256,272
4253,4408,272
4254,4560,272
4255,4712,272
4256,4864,272
4257,5016,272
4258,5168,272
4259,5320,272
4260,5472,272
4261,5624,272
4262,5776,272
4263,5928,272
4264,6080,272
4265,6232,272
4266,6384,272
4267,6536,272
4268,6688,272
4269,6840,272
4270,6992,272
4271,7144,272
4272,7296,272
4273,7448,272
4274,7600,272
4275,7752,272
4276,7904,272
4277,8056,272
4278,8208,272
4279,8360,272
4280,8512,272
4281,8664,272
4282,8816,272
4283,8968,272
4284,9120,272
4285,9272,272
4286,9424,272
4287,9576,272
4288,9728,272
4289,9880,272
4290,0,120
4291,152,120
4292,304,120
4293,456,120
4294,608,120
4295,760,120
4296,912,120
4297,1064,120
4298,1216,120
4299,1368,120
4300,1520,120
4301,1672,120
4302,1824,120
4303,1976,120
4304,2128,120
4305,2280,120
4306,2432,120
4307,2584,120
4308,2736,120
4309,2888,120
4310,3040,120
4311,3192,120
4312,3344,120
4313,3496,120
4314,3648,120
4315,3800,120
4316,3952,120
4317,4104,120
4318,4256,120
4319,4408,120
4320,4560,120
4321,4712,120
4322,4864,120
4323,5016,120
4324,5168,120
4325,5320,120
4326,5472,120
4327,5624,120
4328,5776,120
4329,5928,120
4330,6080,120
4331,6232,120
4332,6384,120
4333,6536,120
4334,6688,120
4335,6840,120
4336,6992,120
4337,7144,120
4338,7296,120
4339,7448,120
4340,7600,120
4341,7752,120
4342,7904,120
4343,8056,120
4344,8208,120
4345,8360,120
4346,8512,120
4347,8664,120
4348,8816,120
4349,8968,120
4350,9120,120
4351,9272,120
4352,9424,120
4353,9576,120
4354,9728,120
4355,9880,120
